-- phpMyAdmin SQL Dump
-- version 5.2.1
-- https://www.phpmyadmin.net/
--
-- Servidor: 127.0.0.1
-- Tiempo de generación: 29-06-2026 a las 02:54:08
-- Versión del servidor: 10.4.32-MariaDB
-- Versión de PHP: 8.2.12

SET SQL_MODE = "NO_AUTO_VALUE_ON_ZERO";
START TRANSACTION;
SET time_zone = "+00:00";


/*!40101 SET @OLD_CHARACTER_SET_CLIENT=@@CHARACTER_SET_CLIENT */;
/*!40101 SET @OLD_CHARACTER_SET_RESULTS=@@CHARACTER_SET_RESULTS */;
/*!40101 SET @OLD_COLLATION_CONNECTION=@@COLLATION_CONNECTION */;
/*!40101 SET NAMES utf8mb4 */;

--
-- Base de datos: `dblogitrack`
--

-- --------------------------------------------------------

--
-- Estructura de tabla para la tabla `chofer`
--

CREATE TABLE `chofer` (
  `id_chofer` int(11) NOT NULL,
  `legajo` varchar(20) NOT NULL,
  `dni` varchar(15) NOT NULL,
  `nombre` varchar(50) NOT NULL,
  `apellido` varchar(50) NOT NULL,
  `email` varchar(100) DEFAULT NULL,
  `tipo_licencia` varchar(30) DEFAULT NULL,
  `id_sucursal` int(11) DEFAULT NULL,
  `activo` tinyint(1) NOT NULL DEFAULT 1
) ENGINE=InnoDB DEFAULT CHARSET=utf8mb4 COLLATE=utf8mb4_general_ci;

--
-- Volcado de datos para la tabla `chofer`
--

INSERT INTO `chofer` (`id_chofer`, `legajo`, `dni`, `nombre`, `apellido`, `email`, `tipo_licencia`, `id_sucursal`, `activo`) VALUES
(1, 'CH2018452', '24130312', 'Nadia', 'Salinas', 'nadia.salinas@gmail.com', 'E1', 38, 1),
(2, 'CH2010870', '33772282', 'Alfredo', 'Cortez', 'alfredo.cortez@gmail.com', 'D2', 28, 1),
(3, 'CH2011408', '29525433', 'Gastón', 'Beltrán', 'gaston.beltran@gmail.com', 'E2', 22, 1),
(4, 'CH2015843', '18591942', 'Rodrigo', 'Aguirre', 'rodrigo.aguirre@gmail.com', 'E1', 21, 1),
(5, 'CH2016210', '24131559', 'Alan', 'Calderón', 'alan.calderon@gmail.com', 'B2', 14, 1),
(6, 'CH2021368', '29042955', 'Mauricio', 'Ruiz', 'mauricio.ruiz@gmail.com', 'C2', 17, 1),
(7, 'CH2012719', '23341807', 'Francisco', 'Maldonado', 'francisco.maldonado@gmail.com', 'D2', 13, 1),
(8, 'CH2015670', '31158899', 'Raúl', 'Ferreyra', 'raul.ferreyra@gmail.com', 'E2', 36, 1),
(9, 'CH2011672', '15297203', 'Joel', 'Moreno', 'joel.moreno@gmail.com', 'D1', 16, 1),
(10, 'CH2024246', '26573288', 'Erik', 'Ledesma', 'erik.ledesma@gmail.com', 'C2', 17, 1),
(11, 'CH2023356', '28498257', 'Martín', 'Segura', 'martin.segura@gmail.com', 'E2', 5, 1),
(12, 'CH2014361', '32701087', 'Miguel', 'Sánchez', 'miguel.sanchez@gmail.com', 'D1', 1, 1),
(13, 'CH2012226', '13008990', 'Julián', 'Figueroa', 'julian.figueroa@gmail.com', 'D1', 23, 1),
(14, 'CH2013439', '36145990', 'Horacio', 'Martínez', 'horacio.martinez@gmail.com', 'C2', 7, 1),
(15, 'CH2018699', '21470041', 'Lucas', 'Ávila', 'lucas.avila@gmail.com', 'E2', 36, 1),
(16, 'CH2016770', '15504354', 'Federico', 'Cardozo', 'federico.cardozo@gmail.com', 'C2', 39, 1),
(17, 'CH2011830', '27708489', 'Sebastián', 'Ledesma', 'sebastian.ledesma@gmail.com', 'E1', 35, 1),
(18, 'CH2011578', '10517742', 'Mauricio', 'Franco', 'mauricio.franco@gmail.com', 'E2', 3, 1),
(19, 'CH2021472', '44934370', 'Lisandro', 'Miranda', 'lisandro.miranda@gmail.com', 'B2', 32, 1),
(20, 'CH2015668', '20356988', 'Andrés', 'Varela', 'andres.varela@gmail.com', 'E1', 38, 1),
(21, 'CH2018590', '15828859', 'Andrés', 'Giménez', 'andres.gimenez@gmail.com', 'E2', 34, 1),
(22, 'CH2021891', '15277850', 'Débora', 'Acosta', 'debora.acosta@gmail.com', 'B1', 7, 1),
(23, 'CH2016758', '30005486', 'Leonardo', 'Ramos', 'leonardo.ramos@gmail.com', 'E2', 5, 1),
(24, 'CH2018423', '24768757', 'Sergio', 'Campos', 'sergio.campos@gmail.com', 'D2', 23, 1),
(25, 'CH2017879', '26579015', 'Martín', 'Castillo', 'martin.castillo@gmail.com', 'D3', 1, 1),
(26, 'CH2019457', '23623185', 'Felipe', 'Juárez', 'felipe.juarez@gmail.com', 'D1', 19, 1),
(27, 'CH2018654', '13833447', 'Christian', 'Acosta', 'christian.acosta@gmail.com', 'E1', 32, 1),
(28, 'CH2020411', '25671126', 'Dylan', 'Torres', 'dylan.torres@gmail.com', 'C2', 5, 1),
(29, 'CH2017430', '25931717', 'Lautaro', 'Cáceres', 'lautaro.caceres@gmail.com', 'E3', 1, 1),
(30, 'CH2014506', '34985190', 'Luis', 'Campos', 'luis.campos@gmail.com', 'E1', 34, 1),
(31, 'CH2020738', '43156252', 'Joaquín', 'Cáceres', 'joaquin.caceres@gmail.com', 'B1', 36, 1),
(32, 'CH2018966', '26551070', 'Pablo', 'Miranda', 'pablo.miranda@gmail.com', 'D1', 46, 1),
(33, 'CH2010547', '39997203', 'Dylan', 'Ponce', 'dylan.ponce@gmail.com', 'E1', 8, 1),
(34, 'CH2014119', '19306797', 'Mariana', 'Juárez', 'mariana.juarez@gmail.com', 'C2', 42, 1),
(35, 'CH2021637', '25633638', 'Ariel', 'Escobar', 'ariel.escobar@gmail.com', 'C1', 2, 1),
(36, 'CH2017139', '14465217', 'Damián', 'Vargas', 'damian.vargas@gmail.com', 'B1', 11, 1),
(37, 'CH2024689', '26047424', 'Andrea', 'Leguizamón', 'andrea.leguizamon@gmail.com', 'E2', 5, 1),
(38, 'CH2015007', '17820535', 'Benicio', 'Morales', 'benicio.morales@gmail.com', 'B1', 42, 1),
(39, 'CH2015770', '38854078', 'Camila', 'Díaz', 'camila.diaz@gmail.com', 'D2', 20, 1),
(40, 'CH2012362', '38596392', 'Juan', 'Leiva', 'juan.leiva@gmail.com', 'B2', 47, 1),
(41, 'CH2019464', '13071109', 'Emilio', 'Medina', 'emilio.medina@gmail.com', 'C2', 14, 1),
(42, 'CH2015585', '36551472', 'Fabio', 'Alonso', 'fabio.alonso@gmail.com', 'D2', 5, 1),
(43, 'CH2021456', '27633671', 'Patricio', 'Barrionuevo', 'patricio.barrionuevo@gmail.com', 'B1', 35, 1),
(44, 'CH2012405', '14833239', 'Christian', 'Cardozo', 'christian.cardozo@gmail.com', 'C1', 20, 1),
(45, 'CH2015065', '37653835', 'Claudia', 'Flores', 'claudia.flores@gmail.com', 'C1', 5, 1),
(46, 'CH2014955', '25068780', 'Joaquín', 'Leiva', 'joaquin.leiva@gmail.com', 'C1', 32, 1),
(47, 'CH2022457', '41431423', 'Osvaldo', 'Quiroga', 'osvaldo.quiroga@gmail.com', 'C1', 4, 1),
(48, 'CH2019160', '18671748', 'Alfredo', 'Miranda', 'alfredo.miranda@gmail.com', 'D1', 40, 1),
(49, 'CH2019521', '32734707', 'Bruno', 'Orellana', 'bruno.orellana@gmail.com', 'B2', 3, 1),
(50, 'CH2012482', '26390519', 'Ariel', 'Luna', 'ariel.luna@gmail.com', 'D3', 31, 1),
(51, 'CH2012834', '23006353', 'Juan', 'Bravo', 'juan.bravo@gmail.com', 'D2', 22, 1),
(52, 'CH2010328', '44652770', 'Leandro', 'Romero', 'leandro.romero@gmail.com', 'E2', 30, 1),
(53, 'CH2017233', '32798743', 'Luis', 'Maldonado', 'luis.maldonado@gmail.com', 'C2', 16, 1),
(54, 'CH2024774', '43795537', 'Daniel', 'Arias', 'daniel.arias@gmail.com', 'C1', 6, 1),
(55, 'CH2022212', '26504346', 'Fernando', 'Ferreyra', 'fernando.ferreyra@gmail.com', 'E1', 12, 1),
(56, 'CH2019703', '15555946', 'Sandra', 'Paredes', 'sandra.paredes@gmail.com', 'B1', 37, 1),
(57, 'CH2010329', '14852019', 'Pablo', 'Maldonado', 'pablo.maldonado@gmail.com', 'E2', 5, 1),
(58, 'CH2024780', '43814094', 'Emilio', 'Ríos', 'emilio.rios@gmail.com', 'E2', 3, 1),
(59, 'CH2018243', '34306195', 'Erik', 'Campos', 'erik.campos@gmail.com', 'C2', 40, 1),
(60, 'CH2013528', '39274634', 'Facundo', 'Ortiz', 'facundo.ortiz@gmail.com', 'B1', 9, 1),
(61, 'CH2021134', '42402195', 'Claudio', 'Juárez', 'claudio.juarez@gmail.com', 'E2', 26, 1),
(62, 'CH2021029', '38912573', 'Rubén', 'García', 'ruben.garcia@gmail.com', 'D2', 35, 1),
(63, 'CH2020677', '23400246', 'Gustavo', 'Molina', 'gustavo.molina@gmail.com', 'C2', 13, 1),
(64, 'CH2023225', '31236966', 'Patricio', 'Beltrán', 'patricio.beltran@gmail.com', 'E1', 22, 1),
(65, 'CH2019222', '24973022', 'Ezequiel', 'Ávila', 'ezequiel.avila@gmail.com', 'E1', 40, 1),
(66, 'CH2016730', '33414257', 'Horacio', 'Escobar', 'horacio.escobar@gmail.com', 'E2', 47, 1),
(67, 'CH2010290', '28567239', 'Miguel', 'Cáceres', 'miguel.caceres@gmail.com', 'E2', 31, 1),
(68, 'CH2021661', '27180621', 'Walter', 'Castro', 'walter.castro@gmail.com', 'E2', 35, 1),
(69, 'CH2012133', '28186987', 'Benicio', 'Giménez', 'benicio.gimenez@gmail.com', 'E2', 41, 1),
(70, 'CH2024070', '16275680', 'Axel', 'García', 'axel.garcia@gmail.com', 'D2', 15, 1),
(71, 'CH2021347', '22438994', 'Mercedes', 'Barrios', 'mercedes.barrios@gmail.com', 'B2', 5, 1),
(72, 'CH2014652', '35795356', 'Claudio', 'Vega', 'claudio.vega@gmail.com', 'D3', 19, 1),
(73, 'CH2021036', '17391149', 'Raúl', 'Cáceres', 'raul.caceres@gmail.com', 'E1', 10, 1),
(74, 'CH2015648', '33834891', 'Iván', 'Giordano', 'ivan.giordano@gmail.com', 'B1', 31, 1),
(75, 'CH2018424', '23482741', 'Sebastián', 'Ramos', 'sebastian.ramos@gmail.com', 'C1', 38, 1),
(76, 'CH2017392', '21371847', 'Gonzalo', 'Franco', 'gonzalo.franco@gmail.com', 'C2', 12, 1),
(77, 'CH2016709', '28882437', 'Jorge', 'Fernández', 'jorge.fernandez@gmail.com', 'D3', 36, 1),
(78, 'CH2024076', '42330932', 'Emiliano', 'García', 'emiliano.garcia@gmail.com', 'E3', 7, 1),
(79, 'CH2022729', '13530852', 'Diego', 'Carrizo', 'diego.carrizo@gmail.com', 'C2', 30, 1),
(80, 'CH2023532', '40523359', 'Patricio', 'Vega', 'patricio.vega@gmail.com', 'E1', 17, 1),
(81, 'CH2019744', '28337370', 'Fabio', 'Fernández', 'fabio.fernandez@gmail.com', 'C1', 40, 1),
(82, 'CH2017505', '15551277', 'Carlos', 'Nieto', 'carlos.nieto@gmail.com', 'D3', 27, 1),
(83, 'CH2020820', '13042369', 'César', 'Rolón', 'cesar.rolon@gmail.com', 'D1', 48, 1),
(84, 'CH2012904', '19198573', 'José', 'Prieto', 'jose.prieto@gmail.com', 'E1', 27, 1),
(85, 'CH2023368', '20663845', 'Bruno', 'Escobar', 'bruno.escobar@gmail.com', 'E1', 45, 1),
(86, 'CH2018996', '35852368', 'Patricio', 'Ramírez', 'patricio.ramirez@gmail.com', 'D1', 33, 1),
(87, 'CH2017913', '27225348', 'Lisandro', 'Giménez', 'lisandro.gimenez@gmail.com', 'E2', 10, 1),
(88, 'CH2012380', '37359585', 'Emiliano', 'Bravo', 'emiliano.bravo@gmail.com', 'C2', 14, 1),
(89, 'CH2024552', '19284507', 'Marcos', 'Mendoza', 'marcos.mendoza@gmail.com', 'B1', 9, 1),
(90, 'CH2013829', '41636217', 'Ricardo', 'Herrera', 'ricardo.herrera@gmail.com', 'D3', 33, 1),
(91, 'CH2015064', '35749215', 'Rubén', 'Franco', 'ruben.franco@gmail.com', 'E2', 46, 1),
(92, 'CH2022572', '36814185', 'Fernanda', 'Maldonado', 'fernanda.maldonado@gmail.com', 'B2', 29, 1),
(93, 'CH2014841', '22688377', 'Nicolás', 'Aguirre', 'nicolas.aguirre@gmail.com', 'B1', 6, 1),
(94, 'CH2014030', '44708690', 'Jorge', 'Barrios', 'jorge.barrios@gmail.com', 'C2', 31, 1),
(95, 'CH2015713', '38871390', 'Leandro', 'González', 'leandro.gonzalez@gmail.com', 'B2', 31, 1),
(96, 'CH2017040', '32803602', 'Brian', 'Ávila', 'brian.avila@gmail.com', 'E1', 3, 1),
(97, 'CH2015664', '40704440', 'Osvaldo', 'Cabrera', 'osvaldo.cabrera@gmail.com', 'D2', 8, 1),
(98, 'CH2019697', '38608398', 'Tomás', 'Ibarra', 'tomas.ibarra@gmail.com', 'D1', 41, 1),
(99, 'CH2021662', '34453985', 'Leandro', 'Flores', 'leandro.flores@gmail.com', 'E1', 27, 1),
(100, 'CH2016379', '15878661', 'Guillermo', 'Hernández', 'guillermo.hernandez@gmail.com', 'D1', 45, 1),
(101, 'CH2016138', '36227670', 'Roberto', 'Barrionuevo', 'roberto.barrionuevo@gmail.com', 'D1', 3, 1),
(102, 'CH2012363', '31100983', 'Tomás', 'Lagos', 'tomas.lagos@gmail.com', 'E1', 24, 1),
(103, 'CH2020695', '34481876', 'Pablo', 'Álvarez', 'pablo.alvarez@gmail.com', 'E1', 16, 1),
(104, 'CH2014206', '33162483', 'Ignacio', 'González', 'ignacio.gonzalez@gmail.com', 'C2', 29, 1),
(105, 'CH2010604', '35478609', 'Tomás', 'Palma', 'tomas.palma@gmail.com', 'E1', 19, 1),
(106, 'CH2022545', '41470235', 'Horacio', 'Zamora', 'horacio.zamora@gmail.com', 'E2', 33, 1),
(107, 'CH2017550', '39101506', 'Nicolás', 'Valdez', 'nicolas.valdez@gmail.com', 'E2', 13, 1),
(108, 'CH2016310', '42464136', 'José', 'González', 'jose.gonzalez@gmail.com', 'B1', 35, 1),
(109, 'CH2019322', '39193302', 'Andrea', 'Ferreyra', 'andrea.ferreyra@gmail.com', 'E2', 48, 1),
(110, 'CH2014807', '21558042', 'Ramiro', 'Giordano', 'ramiro.giordano@gmail.com', 'C2', 44, 1),
(111, 'CH2022973', '29743824', 'Jonathan', 'Moreno', 'jonathan.moreno@gmail.com', 'C2', 1, 1),
(112, 'CH2011350', '25430891', 'Thiago', 'Hernández', 'thiago.hernandez@gmail.com', 'C2', 29, 1),
(113, 'CH2018560', '30156468', 'Andrés', 'Cortez', 'andres.cortez@gmail.com', 'E2', 42, 1),
(114, 'CH2014205', '20452151', 'Marcos', 'Prado', 'marcos.prado@gmail.com', 'C1', 45, 1),
(115, 'CH2011304', '32487767', 'Fernando', 'Mansilla', 'fernando.mansilla@gmail.com', 'C2', 44, 1),
(116, 'CH2024639', '15465822', 'Ramiro', 'Varela', 'ramiro.varela@gmail.com', 'D3', 48, 1),
(117, 'CH2017806', '24578373', 'Marcos', 'Luna', 'marcos.luna@gmail.com', 'D2', 41, 1),
(118, 'CH2012367', '10341828', 'Lucas', 'López', 'lucas.lopez@gmail.com', 'E2', 42, 1),
(119, 'CH2023208', '40822988', 'Jessica', 'Herrera', 'jessica.herrera@gmail.com', 'D1', 12, 1),
(120, 'CH2011858', '19673260', 'Valentín', 'Castillo', 'valentin.castillo@gmail.com', 'D1', 29, 1),
(121, 'CH2014941', '35381677', 'Lucas', 'Sánchez', 'lucas.sanchez@gmail.com', 'B2', 19, 1),
(122, 'CH2012597', '37026213', 'Néstor', 'Maldonado', 'nestor.maldonado@gmail.com', 'E1', 31, 1),
(123, 'CH2012218', '28276267', 'José', 'Palma', 'jose.palma@gmail.com', 'D2', 3, 1),
(124, 'CH2021820', '10878761', 'Martín', 'Palma', 'martin.palma@gmail.com', 'D2', 10, 1),
(125, 'CH2016017', '10816005', 'Alfredo', 'Bustos', 'alfredo.bustos@gmail.com', 'E2', 8, 1),
(126, 'CH2022969', '44648188', 'Emilio', 'Escobar', 'emilio.escobar@gmail.com', 'C1', 25, 1),
(127, 'CH2024418', '29219063', 'Alberto', 'Ferreyra', 'alberto.ferreyra@gmail.com', 'B2', 4, 1),
(128, 'CH2011742', '29836411', 'Héctor', 'Godoy', 'hector.godoy@gmail.com', 'C1', 46, 1),
(129, 'CH2024219', '41240358', 'Federico', 'Álvarez', 'federico.alvarez@gmail.com', 'C2', 34, 1),
(130, 'CH2014525', '24023318', 'Claudio', 'Aguilar', 'claudio.aguilar@gmail.com', 'E1', 38, 1),
(131, 'CH2013157', '15726513', 'Walter', 'Pereyra', 'walter.pereyra@gmail.com', 'B1', 17, 1),
(132, 'CH2023374', '36644914', 'Maximiliano', 'Sánchez', 'maximiliano.sanchez@gmail.com', 'E2', 35, 1),
(133, 'CH2021720', '13341969', 'Maximiliano', 'Pérez', 'maximiliano.perez@gmail.com', 'E3', 40, 1),
(134, 'CH2014228', '32183777', 'Ariel', 'Quiroga', 'ariel.quiroga@gmail.com', 'E2', 43, 1),
(135, 'CH2019584', '34661523', 'Alejandro', 'Gómez', 'alejandro.gomez@gmail.com', 'E1', 41, 1),
(136, 'CH2012238', '44156837', 'César', 'García', 'cesar.garcia@gmail.com', 'E2', 12, 1),
(137, 'CH2016988', '26849212', 'Kevin', 'Acosta', 'kevin.acosta@gmail.com', 'E2', 21, 1),
(138, 'CH2014442', '34064871', 'Roberto', 'Bustos', 'roberto.bustos@gmail.com', 'C1', 29, 1),
(139, 'CH2021654', '20067293', 'Felipe', 'Ponce', 'felipe.ponce@gmail.com', 'E1', 40, 1),
(140, 'CH2022904', '35303036', 'Luis', 'Rolón', 'luis.rolon@gmail.com', 'B2', 30, 1),
(141, 'CH2018378', '39097392', 'Axel', 'Trujillo', 'axel.trujillo@gmail.com', 'E2', 20, 1),
(142, 'CH2010709', '22304896', 'Néstor', 'Franco', 'nestor.franco@gmail.com', 'E2', 7, 1),
(143, 'CH2018055', '36150470', 'Lucas', 'Leguizamón', 'lucas.leguizamon@gmail.com', 'C2', 21, 1),
(144, 'CH2018260', '40286564', 'Nicolás', 'Segura', 'nicolas.segura@gmail.com', 'B2', 39, 1),
(145, 'CH2020742', '42152844', 'Jorge', 'Sánchez', 'jorge.sanchez@gmail.com', 'E3', 9, 1),
(146, 'CH2019362', '26632158', 'Nahuel', 'Prieto', 'nahuel.prieto@gmail.com', 'D1', 43, 1),
(147, 'CH2021993', '14004302', 'Gonzalo', 'Miranda', 'gonzalo.miranda@gmail.com', 'E2', 45, 1),
(148, 'CH2016767', '42547122', 'Paola', 'Palma', 'paola.palma@gmail.com', 'E1', 1, 1),
(149, 'CH2010901', '29102790', 'Joel', 'Godoy', 'joel.godoy@gmail.com', 'B2', 7, 1),
(150, 'CH2014247', '12476502', 'Fernando', 'Mansilla', 'fernando.mansilla150@gmail.com', 'E2', 46, 1),
(151, 'CH2024722', '12437585', 'Christian', 'Benítez', 'christian.benitez@gmail.com', 'E1', 46, 1),
(152, 'CH2018480', '40681839', 'Hugo', 'Rolón', 'hugo.rolon@gmail.com', 'E2', 42, 1),
(153, 'CH2013732', '23874849', 'Gastón', 'González', 'gaston.gonzalez@gmail.com', 'D1', 36, 1),
(154, 'CH2019985', '44590925', 'Fermín', 'Alonso', 'fermin.alonso@gmail.com', 'C2', 29, 1),
(155, 'CH2011306', '37735856', 'Alexis', 'Salinas', 'alexis.salinas@gmail.com', 'E3', 9, 1),
(156, 'CH2010379', '27206303', 'Jorge', 'Rodríguez', 'jorge.rodriguez@gmail.com', 'D3', 39, 1),
(157, 'CH2015439', '34793762', 'Hugo', 'Leguizamón', 'hugo.leguizamon@gmail.com', 'E2', 46, 1),
(158, 'CH2024810', '24888807', 'Miguel', 'Arias', 'miguel.arias@gmail.com', 'C1', 15, 1),
(159, 'CH2021141', '34881073', 'Josefina', 'Ibarra', 'josefina.ibarra@gmail.com', 'D1', 44, 1),
(160, 'CH2010673', '37133717', 'Omar', 'Trujillo', 'omar.trujillo@gmail.com', 'B2', 2, 1),
(161, 'CH2023236', '31099419', 'Raúl', 'Morales', 'raul.morales@gmail.com', 'D3', 40, 1),
(162, 'CH2019657', '30876390', 'Cristian', 'Ledesma', 'cristian.ledesma@gmail.com', 'E2', 38, 1),
(163, 'CH2021344', '10261022', 'Joel', 'Vega', 'joel.vega@gmail.com', 'E2', 11, 1),
(164, 'CH2012821', '14485137', 'Ricardo', 'Pérez', 'ricardo.perez@gmail.com', 'C1', 45, 1),
(165, 'CH2019348', '19118845', 'Ezequiel', 'Gómez', 'ezequiel.gomez@gmail.com', 'E2', 20, 1),
(166, 'CH2010618', '14609062', 'Javier', 'Varela', 'javier.varela@gmail.com', 'D2', 46, 1),
(167, 'CH2021433', '14253555', 'Axel', 'Franco', 'axel.franco@gmail.com', 'B1', 9, 1),
(168, 'CH2024971', '16957585', 'Nicolás', 'Morales', 'nicolas.morales@gmail.com', 'E2', 17, 1),
(169, 'CH2024692', '44587131', 'Christian', 'Fernández', 'christian.fernandez@gmail.com', 'B2', 4, 1),
(170, 'CH2016880', '29219926', 'Ramiro', 'Vera', 'ramiro.vera@gmail.com', 'E3', 6, 1),
(171, 'CH2012915', '17641477', 'Patricio', 'Escobar', 'patricio.escobar@gmail.com', 'E3', 26, 1),
(172, 'CH2015633', '11366238', 'David', 'Franco', 'david.franco@gmail.com', 'B1', 47, 1),
(173, 'CH2014293', '26095544', 'Benicio', 'Díaz', 'benicio.diaz@gmail.com', 'B1', 40, 1),
(174, 'CH2023921', '13609599', 'Ezequiel', 'Acosta', 'ezequiel.acosta@gmail.com', 'E1', 40, 1),
(175, 'CH2019661', '37552392', 'Facundo', 'Blanco', 'facundo.blanco@gmail.com', 'D1', 4, 1),
(176, 'CH2015817', '16541838', 'Agustín', 'Ibarra', 'agustin.ibarra@gmail.com', 'D1', 17, 1),
(177, 'CH2023784', '28793951', 'Matías', 'Cortez', 'matias.cortez@gmail.com', 'E2', 7, 1),
(178, 'CH2022692', '15925521', 'Horacio', 'Juárez', 'horacio.juarez@gmail.com', 'B2', 6, 1),
(179, 'CH2023204', '34333720', 'Daniel', 'Ojeda', 'daniel.ojeda@gmail.com', 'E2', 32, 1),
(180, 'CH2020570', '20308363', 'Marcos', 'Blanco', 'marcos.blanco@gmail.com', 'C1', 36, 1),
(181, 'CH2011901', '35801915', 'Joaquín', 'Ávila', 'joaquin.avila@gmail.com', 'E2', 25, 1),
(182, 'CH2014433', '28562692', 'Javier', 'Ibáñez', 'javier.ibanez@gmail.com', 'C1', 34, 1),
(183, 'CH2011648', '41271975', 'Martín', 'Ramos', 'martin.ramos@gmail.com', 'E2', 18, 1),
(184, 'CH2011516', '10212490', 'Daniel', 'Correa', 'daniel.correa@gmail.com', 'E1', 9, 1),
(185, 'CH2011481', '23343088', 'Ezequiel', 'Torres', 'ezequiel.torres@gmail.com', 'E1', 2, 1),
(186, 'CH2013777', '28288446', 'Gustavo', 'Herrera', 'gustavo.herrera@gmail.com', 'C1', 13, 1),
(187, 'CH2024651', '14933180', 'Agustín', 'Suárez', 'agustin.suarez@gmail.com', 'B1', 37, 1),
(188, 'CH2010846', '30248607', 'Sergio', 'Martínez', 'sergio.martinez@gmail.com', 'E1', 14, 1),
(189, 'CH2020067', '30073933', 'Nahuel', 'Ortiz', 'nahuel.ortiz@gmail.com', 'E2', 16, 1),
(190, 'CH2018875', '32690177', 'Joaquín', 'Segura', 'joaquin.segura@gmail.com', 'C1', 20, 1),
(191, 'CH2018011', '38712910', 'Laura', 'Godoy', 'laura.godoy@gmail.com', 'E2', 9, 1),
(192, 'CH2014370', '25377863', 'Lisandro', 'Mena', 'lisandro.mena@gmail.com', 'D1', 14, 1),
(193, 'CH2012010', '35732778', 'Graciela', 'Giménez', 'graciela.gimenez@gmail.com', 'D2', 6, 1),
(194, 'CH2011557', '38072682', 'Brian', 'Espinoza', 'brian.espinoza@gmail.com', 'E2', 23, 1),
(195, 'CH2012577', '36108570', 'Esteban', 'Pizarro', 'esteban.pizarro@gmail.com', 'E2', 11, 1),
(196, 'CH2015930', '20728348', 'Ricardo', 'Silva', 'ricardo.silva@gmail.com', 'E3', 1, 1),
(197, 'CH2024456', '24755227', 'Joaquín', 'Carrizo', 'joaquin.carrizo@gmail.com', 'E2', 20, 1),
(198, 'CH2020821', '38882925', 'Emanuel', 'Calderón', 'emanuel.calderon@gmail.com', 'B1', 23, 1),
(199, 'CH2013592', '35582785', 'Germán', 'Herrera', 'german.herrera@gmail.com', 'E2', 3, 1),
(200, 'CH2015353', '38029664', 'Brenda', 'Aguirre', 'brenda.aguirre@gmail.com', 'E2', 19, 1),
(201, 'CH2024757', '44379487', 'Gustavo', 'Gallardo', 'gustavo.gallardo@gmail.com', 'D2', 40, 1),
(202, 'CH2014292', '13442493', 'Francisco', 'Díaz', 'francisco.diaz@gmail.com', 'E2', 34, 1),
(203, 'CH2011261', '14289005', 'Erik', 'Juárez', 'erik.juarez@gmail.com', 'C1', 31, 1),
(204, 'CH2020392', '31454235', 'Sergio', 'Muñoz', 'sergio.munoz@gmail.com', 'E1', 21, 1),
(205, 'CH2020040', '43772280', 'Victoria', 'Pereyra', 'victoria.pereyra@gmail.com', 'E3', 25, 1),
(206, 'CH2016922', '23075405', 'Emiliano', 'Mansilla', 'emiliano.mansilla@gmail.com', 'E1', 45, 1),
(207, 'CH2014244', '25983717', 'Julián', 'Castro', 'julian.castro@gmail.com', 'E2', 3, 1),
(208, 'CH2020611', '29706792', 'Valentín', 'Gallardo', 'valentin.gallardo@gmail.com', 'C1', 26, 1),
(209, 'CH2024801', '28940432', 'Melina', 'Suárez', 'melina.suarez@gmail.com', 'B1', 23, 1),
(210, 'CH2022799', '25602001', 'Carlos', 'Suárez', 'carlos.suarez@gmail.com', 'C1', 28, 1),
(211, 'CH2017501', '23228191', 'Rosario', 'Benítez', 'rosario.benitez@gmail.com', 'C1', 32, 1),
(212, 'CH2016058', '32093849', 'Alan', 'Navarro', 'alan.navarro@gmail.com', 'C2', 48, 1),
(213, 'CH2016917', '12835654', 'Alejandro', 'Acosta', 'alejandro.acosta@gmail.com', 'C1', 18, 1),
(214, 'CH2016185', '15289910', 'Nicolás', 'Cortez', 'nicolas.cortez@gmail.com', 'E2', 21, 1),
(215, 'CH2024813', '36689967', 'Gustavo', 'Domínguez', 'gustavo.dominguez@gmail.com', 'C1', 17, 1),
(216, 'CH2015037', '11595908', 'Gustavo', 'Sánchez', 'gustavo.sanchez@gmail.com', 'B1', 32, 1),
(217, 'CH2022827', '38783901', 'Leonardo', 'Reyes', 'leonardo.reyes@gmail.com', 'E2', 25, 1),
(218, 'CH2012081', '21136143', 'Juan', 'Lagos', 'juan.lagos@gmail.com', 'C1', 22, 1),
(219, 'CH2024322', '29723044', 'César', 'Herrera', 'cesar.herrera@gmail.com', 'E2', 40, 1),
(220, 'CH2014822', '14228701', 'Micaela', 'Alonso', 'micaela.alonso@gmail.com', 'C1', 9, 1),
(221, 'CH2024329', '31395112', 'Alejandra', 'Vera', 'alejandra.vera@gmail.com', 'C2', 1, 1),
(222, 'CH2024142', '30296746', 'Nadia', 'Palma', 'nadia.palma@gmail.com', 'B1', 38, 1),
(223, 'CH2013724', '13032890', 'Tomás', 'Villalba', 'tomas.villalba@gmail.com', 'E1', 2, 1),
(224, 'CH2024359', '35411681', 'Javier', 'Acosta', 'javier.acosta@gmail.com', 'C1', 27, 1),
(225, 'CH2022036', '37691202', 'Cristian', 'Franco', 'cristian.franco@gmail.com', 'C1', 19, 1),
(226, 'CH2011775', '40069791', 'David', 'Ferreyra', 'david.ferreyra@gmail.com', 'E1', 16, 1),
(227, 'CH2021256', '23289285', 'Melina', 'Leiva', 'melina.leiva@gmail.com', 'E2', 29, 1),
(228, 'CH2018827', '11248765', 'Sebastián', 'Lagos', 'sebastian.lagos@gmail.com', 'C1', 37, 1),
(229, 'CH2013100', '25935815', 'Marina', 'Pereyra', 'marina.pereyra@gmail.com', 'D2', 37, 1),
(230, 'CH2016560', '38731698', 'Ariel', 'Cruz', 'ariel.cruz@gmail.com', 'E1', 39, 1),
(231, 'CH2015779', '29990307', 'Brenda', 'Cáceres', 'brenda.caceres@gmail.com', 'C1', 41, 1),
(232, 'CH2020872', '25124766', 'Ricardo', 'Delgado', 'ricardo.delgado@gmail.com', 'B1', 11, 1),
(233, 'CH2019219', '12091948', 'Omar', 'Ferreyra', 'omar.ferreyra@gmail.com', 'C2', 5, 1),
(234, 'CH2019871', '26181992', 'Santiago', 'Morales', 'santiago.morales@gmail.com', 'C2', 14, 1),
(235, 'CH2019972', '38693052', 'Matías', 'Suárez', 'matias.suarez@gmail.com', 'E2', 26, 1),
(236, 'CH2012561', '10538030', 'Horacio', 'Juárez', 'horacio.juarez236@gmail.com', 'C2', 18, 1),
(237, 'CH2016115', '19758451', 'Fernando', 'Romero', 'fernando.romero@gmail.com', 'E1', 19, 1),
(238, 'CH2015627', '22171036', 'Cristian', 'Ruiz', 'cristian.ruiz@gmail.com', 'E2', 22, 1),
(239, 'CH2016328', '35160909', 'Víctor', 'Ávila', 'victor.avila@gmail.com', 'C2', 34, 1),
(240, 'CH2011841', '14507759', 'Thiago', 'Espinoza', 'thiago.espinoza@gmail.com', 'E1', 26, 1),
(241, 'CH2019338', '40670319', 'Maximiliano', 'Godoy', 'maximiliano.godoy@gmail.com', 'C2', 8, 1),
(242, 'CH2013045', '27958704', 'Paula', 'Romero', 'paula.romero@gmail.com', 'D3', 23, 1),
(243, 'CH2013968', '43750890', 'Raúl', 'Bravo', 'raul.bravo@gmail.com', 'C2', 20, 1),
(244, 'CH2011581', '37544638', 'Josefina', 'Mena', 'josefina.mena@gmail.com', 'D2', 6, 1),
(245, 'CH2012118', '36565296', 'Walter', 'Romero', 'walter.romero@gmail.com', 'E2', 13, 1),
(246, 'CH2024433', '29684016', 'Iván', 'Mendoza', 'ivan.mendoza@gmail.com', 'E2', 6, 1),
(247, 'CH2024531', '22980351', 'Alberto', 'Prado', 'alberto.prado@gmail.com', 'E1', 31, 1),
(248, 'CH2010185', '11416050', 'Mauricio', 'Ramos', 'mauricio.ramos@gmail.com', 'C2', 37, 1),
(249, 'CH2021536', '30679438', 'Alfredo', 'Montoya', 'alfredo.montoya@gmail.com', 'E2', 24, 1),
(250, 'CH2020336', '10184420', 'Nicolás', 'Leiva', 'nicolas.leiva@gmail.com', 'C1', 19, 1),
(251, 'CH2018371', '28844037', 'Víctor', 'Hernández', 'victor.hernandez@gmail.com', 'B1', 20, 1),
(252, 'CH2022290', '44294737', 'Lorena', 'Ramírez', 'lorena.ramirez@gmail.com', 'E2', 20, 1),
(253, 'CH2018467', '32004836', 'Tamara', 'Quiroga', 'tamara.quiroga@gmail.com', 'C1', 41, 1),
(254, 'CH2024685', '12320595', 'Rubén', 'Mendoza', 'ruben.mendoza@gmail.com', 'C2', 32, 1),
(255, 'CH2018223', '21773258', 'Juan', 'Ruiz', 'juan.ruiz@gmail.com', 'C2', 33, 1),
(256, 'CH2011245', '33518228', 'Patricio', 'Salinas', 'patricio.salinas@gmail.com', 'D3', 36, 1),
(257, 'CH2019609', '38751021', 'Carlos', 'Aguilar', 'carlos.aguilar@gmail.com', 'C2', 3, 1),
(258, 'CH2022295', '21529076', 'Fernanda', 'Muñoz', 'fernanda.munoz@gmail.com', 'E2', 45, 1),
(259, 'CH2010119', '18246235', 'Alejandro', 'Vega', 'alejandro.vega@gmail.com', 'C1', 23, 1),
(260, 'CH2020492', '28038441', 'Rubén', 'Duarte', 'ruben.duarte@gmail.com', 'E1', 37, 1),
(261, 'CH2019133', '27955690', 'Verónica', 'Varela', 'veronica.varela@gmail.com', 'E1', 24, 1),
(262, 'CH2014142', '40396900', 'Diego', 'Miranda', 'diego.miranda@gmail.com', 'E1', 33, 1),
(263, 'CH2016895', '23976446', 'Santiago', 'Mena', 'santiago.mena@gmail.com', 'E1', 9, 1),
(264, 'CH2011816', '22579196', 'Carlos', 'Domínguez', 'carlos.dominguez@gmail.com', 'C1', 40, 1),
(265, 'CH2017997', '25430465', 'Rosario', 'Giménez', 'rosario.gimenez@gmail.com', 'E1', 43, 1),
(266, 'CH2016382', '31142282', 'Julián', 'Beltrán', 'julian.beltran@gmail.com', 'D2', 21, 1),
(267, 'CH2019684', '22634757', 'Gonzalo', 'Bustos', 'gonzalo.bustos@gmail.com', 'E2', 26, 1),
(268, 'CH2016629', '32383724', 'Viviana', 'Prado', 'viviana.prado@gmail.com', 'C2', 10, 1),
(269, 'CH2019359', '16995889', 'Francisco', 'Luna', 'francisco.luna@gmail.com', 'D2', 36, 1),
(270, 'CH2022259', '28965637', 'Ignacio', 'Moreno', 'ignacio.moreno@gmail.com', 'E3', 10, 1),
(271, 'CH2023386', '35274444', 'Sebastián', 'Ojeda', 'sebastian.ojeda@gmail.com', 'D3', 7, 1),
(272, 'CH2013587', '17723613', 'Jonathan', 'Palma', 'jonathan.palma@gmail.com', 'D1', 44, 1),
(273, 'CH2010044', '42364637', 'Thiago', 'Escobar', 'thiago.escobar@gmail.com', 'E1', 48, 1),
(274, 'CH2018541', '16211098', 'Ariel', 'Medina', 'ariel.medina@gmail.com', 'B2', 48, 1),
(275, 'CH2012672', '29719828', 'Lisandro', 'Mena', 'lisandro.mena275@gmail.com', 'D1', 40, 1),
(276, 'CH2014254', '34379796', 'Erik', 'González', 'erik.gonzalez@gmail.com', 'D3', 1, 1),
(277, 'CH2011127', '35003207', 'Yanina', 'Lagos', 'yanina.lagos@gmail.com', 'D2', 11, 1),
(278, 'CH2024115', '40506903', 'Brenda', 'Luna', 'brenda.luna@gmail.com', 'C1', 11, 1),
(279, 'CH2011235', '26114478', 'Santiago', 'Domínguez', 'santiago.dominguez@gmail.com', 'E2', 37, 1),
(280, 'CH2016246', '39148802', 'Alan', 'Pereyra', 'alan.pereyra@gmail.com', 'E2', 12, 1),
(281, 'CH2011241', '33066161', 'Raúl', 'Álvarez', 'raul.alvarez@gmail.com', 'C1', 8, 1),
(282, 'CH2014097', '13827518', 'Ricardo', 'Vargas', 'ricardo.vargas@gmail.com', 'D3', 7, 1),
(283, 'CH2012467', '24689663', 'Rodrigo', 'Leguizamón', 'rodrigo.leguizamon@gmail.com', 'B1', 28, 1),
(284, 'CH2014493', '18472613', 'Santiago', 'Prado', 'santiago.prado@gmail.com', 'D2', 22, 1),
(285, 'CH2013626', '13633419', 'Héctor', 'Reyes', 'hector.reyes@gmail.com', 'D2', 23, 1),
(286, 'CH2019618', '30477397', 'Valentín', 'Palma', 'valentin.palma@gmail.com', 'C2', 12, 1),
(287, 'CH2014983', '42117912', 'Joel', 'Leguizamón', 'joel.leguizamon@gmail.com', 'B2', 4, 1),
(288, 'CH2013364', '30943954', 'Alfredo', 'García', 'alfredo.garcia@gmail.com', 'E1', 21, 1),
(289, 'CH2018734', '24691351', 'Alan', 'Carrizo', 'alan.carrizo@gmail.com', 'E2', 46, 1),
(290, 'CH2022296', '12764235', 'Esteban', 'Trujillo', 'esteban.trujillo@gmail.com', 'C1', 12, 1),
(291, 'CH2011763', '30260517', 'Germán', 'Ramírez', 'german.ramirez@gmail.com', 'E1', 44, 1),
(292, 'CH2016349', '16858899', 'Joaquín', 'Vera', 'joaquin.vera@gmail.com', 'C2', 29, 1),
(293, 'CH2021528', '26437726', 'Agustín', 'Ávila', 'agustin.avila@gmail.com', 'E2', 43, 1),
(294, 'CH2021795', '11439901', 'Tomás', 'Silva', 'tomas.silva@gmail.com', 'D1', 36, 1),
(295, 'CH2014760', '28136999', 'Axel', 'Sosa', 'axel.sosa@gmail.com', 'E1', 43, 1),
(296, 'CH2021165', '16753209', 'Mariana', 'Cabrera', 'mariana.cabrera@gmail.com', 'C1', 24, 1),
(297, 'CH2010516', '27277196', 'Ignacio', 'Pizarro', 'ignacio.pizarro@gmail.com', 'B1', 2, 1),
(298, 'CH2023933', '16918057', 'Rodrigo', 'Ojeda', 'rodrigo.ojeda@gmail.com', 'E1', 7, 1),
(299, 'CH2012465', '27425482', 'Bruno', 'Ibarra', 'bruno.ibarra@gmail.com', 'E1', 25, 1),
(300, 'CH2016436', '43241681', 'Juan', 'Ibarra', 'juan.ibarra@gmail.com', 'E3', 5, 1),
(301, 'CH2024770', '23334876', 'Alberto', 'Martínez', 'alberto.martinez@gmail.com', 'D1', 22, 1),
(302, 'CH2024918', '31482442', 'Alan', 'Quiroga', 'alan.quiroga@gmail.com', 'E3', 38, 1),
(303, 'CH2018037', '29550683', 'Fermín', 'Jiménez', 'fermin.jimenez@gmail.com', 'B2', 34, 1),
(304, 'CH2020169', '14921339', 'Andrés', 'Pérez', 'andres.perez@gmail.com', 'E2', 15, 1),
(305, 'CH2012529', '11723777', 'Paola', 'Flores', 'paola.flores@gmail.com', 'E2', 1, 1),
(306, 'CH2015298', '12373800', 'Claudio', 'Sánchez', 'claudio.sanchez@gmail.com', 'D1', 14, 1),
(307, 'CH2024525', '30926464', 'Alan', 'Muñoz', 'alan.munoz@gmail.com', 'E1', 36, 1),
(308, 'CH2016643', '26887468', 'Rubén', 'Figueroa', 'ruben.figueroa@gmail.com', 'C2', 6, 1),
(309, 'CH2011208', '11952823', 'Agustín', 'Pereyra', 'agustin.pereyra@gmail.com', 'E1', 44, 1),
(310, 'CH2019151', '25139720', 'Karina', 'Ríos', 'karina.rios@gmail.com', 'E3', 31, 1),
(311, 'CH2018466', '23903710', 'Thiago', 'Ojeda', 'thiago.ojeda@gmail.com', 'D3', 42, 1),
(312, 'CH2013028', '28293946', 'David', 'Núñez', 'david.nunez@gmail.com', 'E2', 33, 1),
(313, 'CH2024263', '23654322', 'Facundo', 'Domínguez', 'facundo.dominguez@gmail.com', 'E1', 1, 1),
(314, 'CH2021262', '37092132', 'Iván', 'Fernández', 'ivan.fernandez@gmail.com', 'C1', 16, 1),
(315, 'CH2011900', '43743265', 'Ignacio', 'Bustos', 'ignacio.bustos@gmail.com', 'B2', 8, 1),
(316, 'CH2017640', '23558494', 'José', 'Martínez', 'jose.martinez@gmail.com', 'C1', 42, 1),
(317, 'CH2021907', '31299583', 'Lisandro', 'Maldonado', 'lisandro.maldonado@gmail.com', 'B2', 20, 1),
(318, 'CH2014379', '15591145', 'Federico', 'Godoy', 'federico.godoy@gmail.com', 'B2', 10, 1),
(319, 'CH2011864', '28190543', 'Alejandra', 'Ávila', 'alejandra.avila@gmail.com', 'C2', 9, 1),
(320, 'CH2012938', '19232441', 'Daniela', 'Giménez', 'daniela.gimenez@gmail.com', 'E1', 15, 1),
(321, 'CH2022712', '37585174', 'Alberto', 'Alonso', 'alberto.alonso@gmail.com', 'E2', 32, 1),
(322, 'CH2017393', '35820445', 'Rodrigo', 'Leguizamón', 'rodrigo.leguizamon322@gmail.com', 'E1', 2, 1),
(323, 'CH2022964', '16966996', 'Rodrigo', 'Muñoz', 'rodrigo.munoz@gmail.com', 'E2', 30, 1),
(324, 'CH2022648', '37110420', 'Facundo', 'Pereyra', 'facundo.pereyra@gmail.com', 'B2', 21, 1),
(325, 'CH2024665', '20621130', 'Esteban', 'Suárez', 'esteban.suarez@gmail.com', 'E2', 25, 1),
(326, 'CH2015191', '13856409', 'Maximiliano', 'Barrios', 'maximiliano.barrios@gmail.com', 'C2', 37, 1),
(327, 'CH2024605', '17781968', 'Hugo', 'Mansilla', 'hugo.mansilla@gmail.com', 'B2', 16, 1),
(328, 'CH2020630', '14220546', 'Joel', 'Segura', 'joel.segura@gmail.com', 'C1', 35, 1),
(329, 'CH2017608', '14338106', 'Emanuel', 'Trujillo', 'emanuel.trujillo@gmail.com', 'B1', 14, 1),
(330, 'CH2022841', '37496465', 'Dylan', 'Luna', 'dylan.luna@gmail.com', 'E1', 39, 1),
(331, 'CH2014758', '32555827', 'Ramiro', 'Ojeda', 'ramiro.ojeda@gmail.com', 'B1', 8, 1),
(332, 'CH2013140', '20067117', 'Gabriel', 'Ávila', 'gabriel.avila@gmail.com', 'E1', 30, 1),
(333, 'CH2022613', '22054593', 'Gastón', 'Lagos', 'gaston.lagos@gmail.com', 'D3', 30, 1),
(334, 'CH2012967', '30110019', 'Ezequiel', 'Quiroga', 'ezequiel.quiroga@gmail.com', 'C1', 20, 1),
(335, 'CH2021482', '37622567', 'Guillermo', 'Segura', 'guillermo.segura@gmail.com', 'E2', 16, 1),
(336, 'CH2020913', '39660598', 'Joaquín', 'Navarro', 'joaquin.navarro@gmail.com', 'E2', 7, 1),
(337, 'CH2017319', '40441924', 'Ariel', 'Giordano', 'ariel.giordano@gmail.com', 'D2', 43, 1),
(338, 'CH2017700', '42010981', 'Luis', 'Salinas', 'luis.salinas@gmail.com', 'C1', 14, 1),
(339, 'CH2012043', '12079134', 'Nahuel', 'Orellana', 'nahuel.orellana@gmail.com', 'C1', 44, 1),
(340, 'CH2020903', '18402394', 'Diego', 'Toledo', 'diego.toledo@gmail.com', 'C2', 2, 1),
(341, 'CH2018583', '25092123', 'Hernán', 'Martínez', 'hernan.martinez@gmail.com', 'E3', 2, 1),
(342, 'CH2011717', '24117765', 'Felipe', 'Cabrera', 'felipe.cabrera@gmail.com', 'E2', 20, 1),
(343, 'CH2016633', '42821226', 'Damián', 'Beltrán', 'damian.beltran@gmail.com', 'E1', 3, 1),
(344, 'CH2014780', '15045070', 'Dylan', 'Flores', 'dylan.flores@gmail.com', 'C2', 45, 1),
(345, 'CH2016120', '10636274', 'Estefanía', 'Medina', 'estefania.medina@gmail.com', 'D2', 24, 1),
(346, 'CH2016267', '15498681', 'Tomás', 'Ibáñez', 'tomas.ibanez@gmail.com', 'C2', 10, 1),
(347, 'CH2013544', '36841072', 'Gabriela', 'Acosta', 'gabriela.acosta@gmail.com', 'E2', 47, 1),
(348, 'CH2012827', '16367373', 'Brenda', 'Bravo', 'brenda.bravo@gmail.com', 'E3', 25, 1),
(349, 'CH2011146', '90000349', 'Yanina', 'Ibarra', 'yanina.ibarra@gmail.com', 'D1', 4, 1),
(350, 'CH2014710', '11836519', 'Carla', 'Muñoz', 'carla.munoz@gmail.com', 'C1', 28, 1),
(351, 'CH2011083', '41023605', 'Lisandro', 'Leguizamón', 'lisandro.leguizamon@gmail.com', 'C1', 48, 1),
(352, 'CH2013715', '15220170', 'Juan', 'Giordano', 'juan.giordano@gmail.com', 'D2', 31, 1),
(353, 'CH2022403', '16743078', 'Jorge', 'Ibáñez', 'jorge.ibanez@gmail.com', 'E2', 21, 1),
(354, 'CH2015601', '27221027', 'Gustavo', 'García', 'gustavo.garcia@gmail.com', 'E2', 22, 1),
(355, 'CH2016951', '40810968', 'Ignacio', 'Bravo', 'ignacio.bravo@gmail.com', 'E2', 17, 1),
(356, 'CH2023448', '10555557', 'César', 'Aguirre', 'cesar.aguirre@gmail.com', 'C1', 1, 1),
(357, 'CH2019893', '39527019', 'Gustavo', 'Trujillo', 'gustavo.trujillo@gmail.com', 'D3', 33, 1),
(358, 'CH2011177', '24679421', 'Emiliano', 'Palma', 'emiliano.palma@gmail.com', 'C1', 14, 1),
(359, 'CH2011324', '41125469', 'Camila', 'Jiménez', 'camila.jimenez@gmail.com', 'C1', 33, 1),
(360, 'CH2012548', '12971084', 'Agustín', 'Sánchez', 'agustin.sanchez@gmail.com', 'D3', 14, 1),
(361, 'CH2014061', '33937529', 'Brenda', 'Aguirre', 'brenda.aguirre361@gmail.com', 'E1', 27, 1),
(362, 'CH2020290', '31099595', 'Leandro', 'Beltrán', 'leandro.beltran@gmail.com', 'D3', 36, 1),
(363, 'CH2021146', '30561569', 'Cristian', 'Fernández', 'cristian.fernandez@gmail.com', 'B1', 10, 1),
(364, 'CH2014795', '23623933', 'Martín', 'Bustos', 'martin.bustos@gmail.com', 'C1', 35, 1),
(365, 'CH2018370', '36528007', 'Lautaro', 'Delgado', 'lautaro.delgado@gmail.com', 'D3', 40, 1),
(366, 'CH2019542', '44054120', 'Ramiro', 'Herrera', 'ramiro.herrera@gmail.com', 'D2', 30, 1),
(367, 'CH2011927', '33907214', 'Ricardo', 'Ríos', 'ricardo.rios@gmail.com', 'D1', 22, 1),
(368, 'CH2023518', '34393355', 'Felipe', 'Morales', 'felipe.morales@gmail.com', 'E2', 27, 1),
(369, 'CH2018041', '38988315', 'Alejandro', 'Duarte', 'alejandro.duarte@gmail.com', 'B1', 31, 1),
(370, 'CH2020974', '35288628', 'Diego', 'Cabrera', 'diego.cabrera@gmail.com', 'E3', 2, 1),
(371, 'CH2020001', '44896728', 'Brian', 'Cardozo', 'brian.cardozo@gmail.com', 'E2', 45, 1),
(372, 'CH2010906', '31095482', 'Ezequiel', 'Gutiérrez', 'ezequiel.gutierrez@gmail.com', 'C1', 46, 1),
(373, 'CH2021513', '16939636', 'Lisandro', 'Franco', 'lisandro.franco@gmail.com', 'D1', 17, 1),
(374, 'CH2023099', '36540518', 'Roberto', 'Luna', 'roberto.luna@gmail.com', 'E3', 43, 1),
(375, 'CH2021333', '25894973', 'Martín', 'Mendoza', 'martin.mendoza@gmail.com', 'C1', 23, 1),
(376, 'CH2020405', '12409060', 'Héctor', 'Benítez', 'hector.benitez@gmail.com', 'B1', 25, 1),
(377, 'CH2018912', '36949078', 'Osvaldo', 'Franco', 'osvaldo.franco@gmail.com', 'C1', 47, 1),
(378, 'CH2010697', '16094871', 'Ariel', 'Gutiérrez', 'ariel.gutierrez@gmail.com', 'C2', 31, 1),
(379, 'CH2019376', '39210721', 'Lisandro', 'López', 'lisandro.lopez@gmail.com', 'E2', 36, 1),
(380, 'CH2013901', '18624651', 'Lucas', 'Toledo', 'lucas.toledo@gmail.com', 'E2', 28, 1),
(381, 'CH2012383', '15685375', 'Benicio', 'Morales', 'benicio.morales381@gmail.com', 'E2', 13, 1),
(382, 'CH2010833', '22357907', 'Alfredo', 'Silva', 'alfredo.silva@gmail.com', 'E2', 10, 1),
(383, 'CH2021324', '23143033', 'Luis', 'Barrionuevo', 'luis.barrionuevo@gmail.com', 'C2', 25, 1),
(384, 'CH2020182', '31838594', 'Thiago', 'Mena', 'thiago.mena@gmail.com', 'D1', 22, 1),
(385, 'CH2024779', '41398580', 'Luis', 'Medina', 'luis.medina@gmail.com', 'B1', 19, 1),
(386, 'CH2022748', '36066867', 'Iván', 'Flores', 'ivan.flores@gmail.com', 'E3', 42, 1),
(387, 'CH2013533', '23482436', 'Paola', 'Muñoz', 'paola.munoz@gmail.com', 'C1', 8, 1),
(388, 'CH2011601', '17825776', 'Noelia', 'Domínguez', 'noelia.dominguez@gmail.com', 'D3', 15, 1),
(389, 'CH2019898', '31172576', 'Felipe', 'Nieto', 'felipe.nieto@gmail.com', 'E2', 37, 1),
(390, 'CH2021816', '43725432', 'Emilia', 'Pizarro', 'emilia.pizarro@gmail.com', 'E2', 40, 1),
(391, 'CH2019433', '11390929', 'Thiago', 'Sánchez', 'thiago.sanchez@gmail.com', 'C1', 40, 1),
(392, 'CH2021363', '16178574', 'Santiago', 'Ramírez', 'santiago.ramirez@gmail.com', 'E2', 10, 1),
(393, 'CH2020616', '27507606', 'Guillermo', 'Montoya', 'guillermo.montoya@gmail.com', 'D1', 46, 1),
(394, 'CH2010676', '24463471', 'Christian', 'Ramos', 'christian.ramos@gmail.com', 'D3', 25, 1),
(395, 'CH2018806', '20050610', 'Héctor', 'Zamora', 'hector.zamora@gmail.com', 'E2', 45, 1),
(396, 'CH2024385', '31123535', 'Débora', 'Correa', 'debora.correa@gmail.com', 'B1', 30, 1),
(397, 'CH2014103', '10309279', 'Joel', 'Molina', 'joel.molina@gmail.com', 'C2', 38, 1),
(398, 'CH2011639', '18303983', 'Damián', 'Ledesma', 'damian.ledesma@gmail.com', 'D3', 4, 1),
(399, 'CH2010535', '30020287', 'Gonzalo', 'Salinas', 'gonzalo.salinas@gmail.com', 'B1', 41, 1),
(400, 'CH2022670', '38449815', 'Julián', 'Herrera', 'julian.herrera@gmail.com', 'E2', 9, 1),
(401, 'CH2012169', '19948056', 'Omar', 'Blanco', 'omar.blanco@gmail.com', 'C1', 36, 1),
(402, 'CH2011756', '17118833', 'Daniel', 'Valdez', 'daniel.valdez@gmail.com', 'D2', 2, 1),
(403, 'CH2022103', '30983973', 'Mauro', 'Vega', 'mauro.vega@gmail.com', 'C2', 44, 1),
(404, 'CH2023620', '40671863', 'Roberto', 'Leiva', 'roberto.leiva@gmail.com', 'E1', 23, 1),
(405, 'CH2022139', '18750855', 'Felipe', 'Ibarra', 'felipe.ibarra@gmail.com', 'D3', 44, 1),
(406, 'CH2020960', '26917043', 'Santiago', 'Miranda', 'santiago.miranda@gmail.com', 'E1', 28, 1),
(407, 'CH2017057', '21201278', 'Fermín', 'Duarte', 'fermin.duarte@gmail.com', 'C1', 36, 1),
(408, 'CH2022737', '29942802', 'Christian', 'Ojeda', 'christian.ojeda@gmail.com', 'D3', 43, 1),
(409, 'CH2014408', '12240724', 'Claudio', 'Vargas', 'claudio.vargas@gmail.com', 'E1', 44, 1),
(410, 'CH2015339', '17588072', 'Joaquín', 'Godoy', 'joaquin.godoy@gmail.com', 'E1', 47, 1),
(411, 'CH2014319', '15324605', 'Nahuel', 'Díaz', 'nahuel.diaz@gmail.com', 'C1', 5, 1),
(412, 'CH2013189', '26711183', 'Carlos', 'Cruz', 'carlos.cruz@gmail.com', 'B1', 39, 1),
(413, 'CH2010816', '39115967', 'Mauricio', 'Ojeda', 'mauricio.ojeda@gmail.com', 'E2', 23, 1),
(414, 'CH2014514', '19374539', 'Mercedes', 'Orellana', 'mercedes.orellana@gmail.com', 'C1', 30, 1),
(415, 'CH2023928', '38574306', 'Martín', 'Sánchez', 'martin.sanchez@gmail.com', 'D2', 32, 1),
(416, 'CH2011507', '27838705', 'Gonzalo', 'Varela', 'gonzalo.varela@gmail.com', 'B2', 10, 1),
(417, 'CH2020017', '14913166', 'Gustavo', 'Aguilar', 'gustavo.aguilar@gmail.com', 'E2', 45, 1),
(418, 'CH2019806', '30843164', 'Sebastián', 'Rodríguez', 'sebastian.rodriguez@gmail.com', 'E1', 22, 1),
(419, 'CH2018125', '23942081', 'Sebastián', 'Rodríguez', 'sebastian.rodriguez419@gmail.com', 'E2', 7, 1),
(420, 'CH2020625', '16489429', 'Javier', 'Zamora', 'javier.zamora@gmail.com', 'E2', 16, 1),
(421, 'CH2020964', '33377815', 'Facundo', 'Medina', 'facundo.medina@gmail.com', 'B2', 12, 1),
(422, 'CH2012168', '28772043', 'Claudio', 'Varela', 'claudio.varela@gmail.com', 'E2', 35, 1),
(423, 'CH2021985', '44561483', 'Héctor', 'Gutiérrez', 'hector.gutierrez@gmail.com', 'E2', 6, 1),
(424, 'CH2016069', '34198048', 'Valentín', 'Beltrán', 'valentin.beltran@gmail.com', 'C1', 16, 1),
(425, 'CH2011685', '32694114', 'Omar', 'Medina', 'omar.medina@gmail.com', 'D1', 39, 1),
(426, 'CH2019845', '23631684', 'Facundo', 'Figueroa', 'facundo.figueroa@gmail.com', 'E2', 5, 1),
(427, 'CH2012188', '15465483', 'Kevin', 'Ríos', 'kevin.rios@gmail.com', 'E2', 26, 1),
(428, 'CH2021608', '12800110', 'Christian', 'Delgado', 'christian.delgado@gmail.com', 'D2', 21, 1),
(429, 'CH2011843', '26959628', 'Kevin', 'Serrano', 'kevin.serrano@gmail.com', 'E1', 33, 1),
(430, 'CH2010259', '35895667', 'Alberto', 'Barrios', 'alberto.barrios@gmail.com', 'D3', 45, 1),
(431, 'CH2012485', '29840082', 'Axel', 'Díaz', 'axel.diaz@gmail.com', 'E2', 6, 1),
(432, 'CH2016285', '43719530', 'Graciela', 'Suárez', 'graciela.suarez@gmail.com', 'C2', 30, 1),
(433, 'CH2018351', '34125135', 'Hugo', 'Ávila', 'hugo.avila@gmail.com', 'E2', 2, 1),
(434, 'CH2013624', '39778771', 'Héctor', 'Pizarro', 'hector.pizarro@gmail.com', 'E1', 18, 1),
(435, 'CH2017129', '27670968', 'Santiago', 'Cabrera', 'santiago.cabrera@gmail.com', 'E2', 23, 1),
(436, 'CH2010774', '24945500', 'Fabio', 'Pereyra', 'fabio.pereyra@gmail.com', 'D2', 36, 1),
(437, 'CH2021114', '27833607', 'Francisco', 'Prieto', 'francisco.prieto@gmail.com', 'B2', 47, 1),
(438, 'CH2018238', '15848989', 'Víctor', 'Rojas', 'victor.rojas@gmail.com', 'D1', 8, 1),
(439, 'CH2012107', '38462656', 'Paola', 'Prado', 'paola.prado@gmail.com', 'D2', 5, 1),
(440, 'CH2013718', '29124138', 'Cristian', 'Correa', 'cristian.correa@gmail.com', 'D2', 33, 1),
(441, 'CH2017217', '14940693', 'Emanuel', 'Sosa', 'emanuel.sosa@gmail.com', 'D1', 36, 1),
(442, 'CH2011772', '41368074', 'Alan', 'Nieto', 'alan.nieto@gmail.com', 'C2', 34, 1),
(443, 'CH2013268', '30865272', 'Jorge', 'Correa', 'jorge.correa@gmail.com', 'E1', 12, 1),
(444, 'CH2023621', '22353336', 'Agustín', 'Ojeda', 'agustin.ojeda@gmail.com', 'D1', 10, 1),
(445, 'CH2017241', '40382201', 'Matías', 'Gutiérrez', 'matias.gutierrez@gmail.com', 'D1', 33, 1),
(446, 'CH2014549', '43764940', 'César', 'Figueroa', 'cesar.figueroa@gmail.com', 'E2', 41, 1),
(447, 'CH2010806', '24864201', 'Karina', 'Varela', 'karina.varela@gmail.com', 'E3', 5, 1),
(448, 'CH2011727', '18611909', 'Erik', 'Ruiz', 'erik.ruiz@gmail.com', 'C1', 1, 1),
(449, 'CH2019414', '43788263', 'Mauricio', 'Gallardo', 'mauricio.gallardo@gmail.com', 'C1', 34, 1),
(450, 'CH2020682', '21595192', 'Víctor', 'Campos', 'victor.campos@gmail.com', 'E1', 46, 1),
(451, 'CH2014469', '20258288', 'Juan', 'Giordano', 'juan.giordano451@gmail.com', 'E2', 17, 1),
(452, 'CH2017332', '24937588', 'Javier', 'Leguizamón', 'javier.leguizamon@gmail.com', 'D1', 11, 1),
(453, 'CH2017202', '28896353', 'Víctor', 'Varela', 'victor.varela@gmail.com', 'D2', 8, 1),
(454, 'CH2018646', '28274634', 'Walter', 'Espinoza', 'walter.espinoza@gmail.com', 'C1', 46, 1),
(455, 'CH2010286', '18383282', 'Carla', 'Bravo', 'carla.bravo@gmail.com', 'E1', 34, 1),
(456, 'CH2020518', '42865279', 'Gustavo', 'Espinoza', 'gustavo.espinoza@gmail.com', 'C1', 36, 1),
(457, 'CH2024031', '16074811', 'Micaela', 'Nieto', 'micaela.nieto@gmail.com', 'B2', 16, 1),
(458, 'CH2022425', '18829902', 'Gonzalo', 'Figueroa', 'gonzalo.figueroa@gmail.com', 'B1', 3, 1),
(459, 'CH2013032', '39920436', 'Gastón', 'Barrios', 'gaston.barrios@gmail.com', 'E2', 19, 1),
(460, 'CH2017125', '25223339', 'Lorena', 'Trujillo', 'lorena.trujillo@gmail.com', 'C1', 34, 1),
(461, 'CH2011761', '25960865', 'Nicolás', 'Sánchez', 'nicolas.sanchez@gmail.com', 'E3', 44, 1),
(462, 'CH2020349', '24390686', 'Emanuel', 'Pérez', 'emanuel.perez@gmail.com', 'C1', 23, 1),
(463, 'CH2010468', '44609192', 'Belén', 'Gutiérrez', 'belen.gutierrez@gmail.com', 'C2', 25, 1),
(464, 'CH2016292', '15466760', 'Lautaro', 'Vargas', 'lautaro.vargas@gmail.com', 'E1', 11, 1),
(465, 'CH2014931', '22682579', 'Ariel', 'Moreno', 'ariel.moreno@gmail.com', 'E1', 29, 1),
(466, 'CH2024851', '29599425', 'Santiago', 'García', 'santiago.garcia@gmail.com', 'D3', 19, 1),
(467, 'CH2013986', '28539525', 'José', 'Ramírez', 'jose.ramirez@gmail.com', 'C1', 28, 1),
(468, 'CH2011821', '26584895', 'Diego', 'Sánchez', 'diego.sanchez@gmail.com', 'D3', 12, 1),
(469, 'CH2024513', '19482052', 'Carolina', 'Castro', 'carolina.castro@gmail.com', 'D1', 14, 1),
(470, 'CH2014980', '30434061', 'Jonathan', 'Ponce', 'jonathan.ponce@gmail.com', 'B2', 35, 1),
(471, 'CH2020967', '31126824', 'Erik', 'Prado', 'erik.prado@gmail.com', 'B1', 4, 1),
(472, 'CH2018437', '23720041', 'Joel', 'Beltrán', 'joel.beltran@gmail.com', 'D2', 38, 1),
(473, 'CH2015480', '21713806', 'Emilia', 'Rolón', 'emilia.rolon@gmail.com', 'C2', 25, 1),
(474, 'CH2011382', '25554616', 'Ariel', 'Reyes', 'ariel.reyes@gmail.com', 'D1', 48, 1),
(475, 'CH2019597', '20599204', 'Gonzalo', 'Rojas', 'gonzalo.rojas@gmail.com', 'E2', 38, 1),
(476, 'CH2021001', '25767379', 'Ricardo', 'Giménez', 'ricardo.gimenez@gmail.com', 'E2', 33, 1),
(477, 'CH2016846', '26573929', 'Walter', 'Maldonado', 'walter.maldonado@gmail.com', 'E2', 15, 1),
(478, 'CH2012994', '18870132', 'Facundo', 'Gómez', 'facundo.gomez@gmail.com', 'D3', 20, 1),
(479, 'CH2013260', '26833161', 'Victoria', 'Calderón', 'victoria.calderon@gmail.com', 'D2', 39, 1),
(480, 'CH2017307', '15984936', 'Axel', 'Bustos', 'axel.bustos@gmail.com', 'E2', 28, 1),
(481, 'CH2026001', '22222222', 'Lionel', 'Messi', 'lionel.messi@gmail.com', 'D1', 4, 1);

-- --------------------------------------------------------

--
-- Estructura de tabla para la tabla `cliente`
--

CREATE TABLE `cliente` (
  `id_cliente` int(11) NOT NULL,
  `dni` varchar(15) NOT NULL,
  `nombre` varchar(50) NOT NULL,
  `apellido` varchar(50) NOT NULL,
  `telefono` varchar(20) DEFAULT NULL,
  `email` varchar(100) DEFAULT NULL,
  `direccion` varchar(100) DEFAULT NULL,
  `id_localidad` int(11) DEFAULT NULL,
  `activo` tinyint(1) NOT NULL DEFAULT 1
) ENGINE=InnoDB DEFAULT CHARSET=utf8mb4 COLLATE=utf8mb4_general_ci;

--
-- Volcado de datos para la tabla `cliente`
--

INSERT INTO `cliente` (`id_cliente`, `dni`, `nombre`, `apellido`, `telefono`, `email`, `direccion`, `id_localidad`, `activo`) VALUES
(1, '43252344', 'Raúl', 'Prieto', '0358725540', 'raul.prieto44@yahoo.com.ar', 'Chubut 3871', 100, 1),
(2, '40576122', 'Natalia', 'Vega', '0370683521', 'n.vega@gmail.com', 'San Luis 7647', 47, 1),
(3, '44933495', 'Laura', 'Zamora', '0374840274', 'laura699@gmail.com', 'Córdoba 7068', 6, 1),
(4, '38695121', 'Bruno', 'Flores', '0380574552', 'bruno413@live.com.ar', 'Salta 9960', 30, 1),
(5, '40028840', 'Belén', 'Arias', '0383572687', 'b.arias@gmail.com', 'Dorrego 2422', 86, 1),
(6, '35608907', 'Santiago', 'Hernández', '0261557345', 'santiagohernandez@arnet.com.ar', 'Perú 9842', 78, 1),
(7, '23869673', 'Romina', 'Martínez', '0223262822', 'romina.martinez36@hotmail.com.ar', 'Perón 7311', 95, 1),
(8, '41169879', 'María', 'Sosa', '0343208846', 'maria.sosa@yahoo.com.ar', 'San Juan 7332', 96, 1),
(9, '20975374', 'Javier', 'Vera', '02944957010', 'javiervera@hotmail.com.ar', 'Catamarca 961', 91, 1),
(10, '19639145', 'Celeste', 'Arias', '0374142452', 'celeste.arias@hotmail.com', 'Catamarca 5187 Dpto E', 108, 1),
(11, '13593316', 'Yésica', 'Calderón', '0110764932', 'calderon.yesica@live.com.ar', 'Cevallos 7942 Dpto G', 118, 1),
(12, '16660945', 'Melanie', 'Delgado', '0341523211', 'melanie.delgado1@arnet.com.ar', 'Estados Unidos 1539', 88, 1),
(13, '12452538', 'José', 'Díaz', '0362303898', 'jose.diaz@outlook.com', 'Godoy Cruz 1951', 115, 1),
(14, '34371056', 'Ivana', 'Carrizo', '0362675642', 'icarrizo@icloud.com', 'Cevallos 6608', 13, 1),
(15, '39527554', 'Ezequiel', 'Carrizo', '0351952767', 'ezequiel.carrizo@speedy.com.ar', 'Estados Unidos 7448', 35, 1),
(16, '17640031', 'Fernanda', 'Uribe', '0346195344', 'f.uribe@hotmail.com', 'Sarmiento 2247', 103, 1),
(17, '37199704', 'Nicolás', 'Ríos', '0380707991', 'nicolas.rios@live.com.ar', 'Formosa 1718', 70, 1),
(18, '13550119', 'Marisol', 'Moreno', '0383459137', 'marisol.moreno@icloud.com', 'Cevallos 3122', 73, 1),
(19, '27217531', 'Fernando', 'Herrera', '0345104905', 'fernando100@outlook.com', 'Godoy Cruz 4432', 4, 1),
(20, '34390619', 'Paula', 'Mena', '0297421482', 'p.mena@yahoo.com.ar', 'Balcarce 9263 Piso 3 Dpto A', 104, 1),
(21, '33595200', 'Lucía', 'Palma', '0343123695', 'lucia.palma87@icloud.com', 'Independencia 8130 Dpto H', 71, 1),
(22, '28919588', 'José', 'Espinoza', '0383411198', 'jose760@arnet.com.ar', 'Santa Fe 8959', 53, 1),
(23, '33995129', 'Sandra', 'Godoy', '0343771409', 'sandra.godoy24@fibertel.com.ar', 'Florida 5460 Piso 5 Dpto E', 11, 1),
(24, '20971233', 'Ariel', 'Torres', '0396900152', 'ariel699@gmail.com', 'Florida 8617', 36, 1),
(25, '43052396', 'Santiago', 'Borges', '0396814709', 's.borges@live.com.ar', 'Alsina 2905', 25, 1),
(26, '17592850', 'Raúl', 'Benítez', '0261935573', 'raul.benitez9@hotmail.com.ar', 'Solís 1808', 83, 1),
(27, '28743813', 'Santiago', 'Correa', '0346146735', 'santiago.correa@yahoo.com.ar', 'Lavalle 7993', 98, 1),
(28, '29292756', 'Mauricio', 'Reyes', '0291791845', 'mauricioreyes@gmail.com', 'Perón 8362 Piso 10 Dpto D', 48, 1),
(29, '31822660', 'Ivana', 'Alonso', '0387720599', 'ivana.alonso@gmail.com', 'Sarmiento 3817', 77, 1),
(30, '35669704', 'Stella', 'Rolón', '0362060463', 'stella595@hotmail.com.ar', 'Chacabuco 3438', 120, 1),
(31, '28212241', 'Esteban', 'Aguilar', '0381812233', 'e.aguilar@yahoo.com.ar', 'Las Heras 9695', 49, 1),
(32, '37725458', 'Melanie', 'Correa', '0396632387', 'melaniecorrea@icloud.com', '25 de Mayo 2868 Dpto A', 63, 1),
(33, '25679059', 'Agustina', 'Ávila', '0346825309', 'avila.agustina@yahoo.com.ar', 'Carlos Calvo 556', 99, 1),
(34, '14228509', 'Laura', 'Fernández', '0261994768', 'laurafernandez@fibertel.com.ar', 'Brandsen 5684', 120, 1),
(35, '39308367', 'Gabriel', 'Mansilla', '0396606252', 'gabriel.mansilla@hotmail.com', 'Perú 237 Piso 7 Dpto B', 38, 1),
(36, '38356869', 'Alan', 'Jiménez', '0380092053', 'ajimenez@outlook.com', 'Entre Ríos 5935 Piso 3 Dpto A', 65, 1),
(37, '37436144', 'Beatriz', 'Cabrera', '0383946797', 'beatriz280@fibertel.com.ar', 'Catamarca 9614 Dpto E', 60, 1),
(38, '35776135', 'Belén', 'Campos', '0383953518', 'belen147@icloud.com', 'Carlos Calvo 9507', 44, 1),
(39, '35514821', 'Ignacio', 'Ojeda', '0396080242', 'ignacioojeda@fibertel.com.ar', 'La Rioja 1121', 20, 1),
(40, '20632611', 'Carlos', 'Domínguez', '02966803105', 'dominguez.carlos@outlook.com', 'Salta 535', 65, 1),
(41, '26716001', 'Erik', 'Ibarra', '0376442924', 'erik.ibarra35@arnet.com.ar', 'Reconquista 7941 Dpto A', 79, 1),
(42, '17575232', 'Agustín', 'Cáceres', '0351899122', 'agustincaceres@arnet.com.ar', 'Florida 3976', 111, 1),
(43, '24053654', 'Natalia', 'Herrera', '0362727910', 'nherrera@speedy.com.ar', 'Martín García 1084 Dpto D', 8, 1),
(44, '23207833', 'Inés', 'Ramírez', '0396634980', 'iramirez@gmail.com', 'San Juan 9686 Piso 1 Dpto E', 20, 1),
(45, '42686454', 'Paola', 'Mendoza', '0343306622', 'pmendoza@icloud.com', 'Neuquén 7065 Piso 10 Dpto E', 120, 1),
(46, '20414879', 'Pedro', 'Hernández', '0372324523', 'p.hernandez@fibertel.com.ar', 'Belgrano 9348 Dpto C', 56, 1),
(47, '14078793', 'Mauro', 'Pizarro', '0345249946', 'm.pizarro@yahoo.com.ar', '25 de Mayo 2703 Piso 6 Dpto B', 1, 1),
(48, '41709340', 'Walter', 'Blanco', '0380053807', 'w.blanco@fibertel.com.ar', 'Necochea 8483 Piso 6 Dpto F', 49, 1),
(49, '27016004', 'Yésica', 'Rodríguez', '0387563266', 'y.rodriguez@speedy.com.ar', 'Rivadavia 1111', 70, 1),
(50, '15131114', 'Hugo', 'Díaz', '0345107554', 'hugo76@gmail.com', 'Godoy Cruz 6870', 42, 1),
(51, '34298209', 'Bruno', 'Flores', '0115529481', 'bflores@speedy.com.ar', 'Avellaneda 577', 85, 1),
(52, '14585770', 'Evangelina', 'Ramírez', '0381634976', 'eramirez@hotmail.com', 'Carlos Calvo 6726', 110, 1),
(53, '15723142', 'Norma', 'Ojeda', '0381120746', 'norma.ojeda@gmail.com', 'Corrientes 128', 27, 1),
(54, '16796251', 'Nicolás', 'Godoy', '0299246637', 'nicolas.godoy@hotmail.com.ar', 'San Martín 2375', 115, 1),
(55, '44384182', 'Jonathan', 'Benítez', '0297695753', 'jonathan909@hotmail.com', 'Alsina 5397 Dpto G', 110, 1),
(56, '39821859', 'Nora', 'Ramírez', '0221314508', 'nora.ramirez17@hotmail.com.ar', 'Reconquista 383 Dpto D', 83, 1),
(57, '16283508', 'Carolina', 'Castillo', '0396969655', 'ccastillo@gmail.com', 'Sarmiento 4015', 91, 1),
(58, '11843202', 'Liliana', 'Juárez', '0381945824', 'liliana872@icloud.com', 'Alsina 380', 95, 1),
(59, '30979184', 'Yamila', 'Franco', '0221032453', 'y.franco@outlook.com', 'Carlos Calvo 1219 Dpto G', 116, 1),
(60, '10930040', 'Claudia', 'Espinoza', '0387901973', 'claudia19@icloud.com', 'Las Heras 2893', 76, 1),
(61, '41232669', 'Agustina', 'Cortez', '0343519021', 'cortez.agustina@arnet.com.ar', 'San Juan 1319', 92, 1),
(62, '26386202', 'Néstor', 'Palma', '0345196000', 'n.palma@hotmail.com.ar', 'Cochabamba 3939', 109, 1),
(63, '33776355', 'Mónica', 'Gutiérrez', '0291062732', 'gutierrez.monica@icloud.com', 'Cevallos 7350 Piso 5 Dpto H', 17, 1),
(64, '29987088', 'Julián', 'Barrios', '0291026277', 'julian.barrios79@icloud.com', 'Avellaneda 6979', 108, 1),
(65, '33590215', 'Ezequiel', 'Molina', '0380771164', 'e.molina@hotmail.com', 'Cochabamba 2245', 55, 1),
(66, '14421998', 'Natalia', 'Godoy', '0346872486', 'godoy.natalia@live.com.ar', 'Balcarce 7473 Dpto F', 41, 1),
(67, '12900189', 'Viviana', 'Pereyra', '0291217247', 'vpereyra@speedy.com.ar', 'Defensa 5464 Piso 10 Dpto D', 58, 1),
(68, '28315811', 'Lautaro', 'Delgado', '0385293032', 'lautarodelgado@hotmail.com.ar', 'La Rioja 4806', 28, 1),
(69, '31080357', 'Raúl', 'Uribe', '0374243920', 'ruribe@speedy.com.ar', 'Roca 1724', 74, 1),
(70, '26848909', 'Cinthia', 'Toledo', '0388662265', 'c.toledo@outlook.com', 'Florida 6562 Piso 3 Dpto G', 24, 1),
(71, '44184422', 'Karina', 'Leal', '0370625313', 'karina586@gmail.com', 'Garay 5110', 46, 1),
(72, '20528564', 'Claudio', 'Juárez', '0358503232', 'c.juarez@yahoo.com.ar', 'Humberto 1° 3595', 13, 1),
(73, '28578444', 'Joel', 'Villalba', '0396966866', 'j.villalba@hotmail.com.ar', 'Junín 5730 Dpto F', 52, 1),
(74, '25920712', 'Leticia', 'Morales', '0383563216', 'morales.leticia@speedy.com.ar', 'Junín 3418 Piso 10 Dpto G', 90, 1),
(75, '40168546', 'Emanuel', 'Rojas', '0221730238', 'emanuel.rojas1@yahoo.com.ar', 'Humberto 1° 9302 Dpto C', 19, 1),
(76, '38133005', 'Diego', 'Aguilar', '0364786000', 'd.aguilar@hotmail.com', 'La Rioja 7710', 62, 1),
(77, '27895971', 'Nora', 'Arias', '0343945552', 'narias@speedy.com.ar', 'Florida 6394 Piso 7 Dpto D', 115, 1),
(78, '24416839', 'Alejandra', 'Cardozo', '0376151561', 'alejandracardozo@fibertel.com.ar', '25 de Mayo 5392', 73, 1),
(79, '16964924', 'Emiliano', 'Espinoza', '0343759745', 'emiliano.espinoza@outlook.com', 'San Luis 3510', 60, 1),
(80, '32415789', 'Clara', 'Díaz', '0299132786', 'c.diaz@fibertel.com.ar', 'Dorrego 8031 Piso 2 Dpto D', 40, 1),
(81, '29038602', 'Facundo', 'Aguilar', '0380364293', 'facundo.aguilar96@live.com.ar', 'Perú 6405', 114, 1),
(82, '32175069', 'Sebastián', 'Moreno', '0343134904', 'sebastian.moreno@icloud.com', 'Avellaneda 6580', 8, 1),
(83, '39778825', 'Leonardo', 'Delgado', '0291025185', 'leonardo.delgado@live.com.ar', 'Carlos Calvo 8777', 59, 1),
(84, '25890919', 'Brenda', 'Gómez', '0291722564', 'brendagomez@icloud.com', '9 de Julio 7079', 1, 1),
(85, '33086581', 'David', 'Ibarra', '0221620807', 'dibarra@icloud.com', 'San Luis 4309', 65, 1),
(86, '34880616', 'Miguel', 'García', '0114577099', 'm.garcia@fibertel.com.ar', 'Las Heras 5470 Piso 2 Dpto G', 33, 1),
(87, '34395813', 'Lía', 'Barrios', '0261048486', 'lbarrios@gmail.com', 'Roca 6764', 98, 1),
(88, '34661547', 'Karina', 'Cruz', '0385394140', 'karina.cruz@outlook.com', 'Santiago del Estero 4878', 113, 1),
(89, '36284714', 'Emilia', 'Cruz', '0351960228', 'emilia165@outlook.com', 'Perú 4755 Piso 7 Dpto D', 56, 1),
(90, '16808626', 'Liliana', 'Carrizo', '0370572387', 'l.carrizo@live.com.ar', 'Caseros 7086', 82, 1),
(91, '23448239', 'Alejandra', 'Blanco', '0370825917', 'alejandrablanco@yahoo.com.ar', 'Santa Fe 6616', 114, 1),
(92, '11723914', 'Juan', 'Alonso', '0358686355', 'juan.alonso@arnet.com.ar', 'Jujuy 7735', 85, 1),
(93, '31902816', 'Ricardo', 'Jiménez', '0387934763', 'ricardo.jimenez30@gmail.com', '9 de Julio 103 Dpto H', 69, 1),
(94, '25492900', 'Tamara', 'Rojas', '0297534165', 'tamara.rojas@outlook.com', 'Jujuy 4518', 107, 1),
(95, '24012959', 'Valeria', 'Cortez', '0362752373', 'valeria.cortez@gmail.com', 'Humberto 1° 9674 Dpto D', 59, 1),
(96, '25309688', 'Ayelén', 'Bravo', '0346327326', 'ayelen.bravo38@fibertel.com.ar', 'Godoy Cruz 5075', 25, 1),
(97, '26030091', 'Cinthia', 'Aguirre', '0364256175', 'cinthia.aguirre40@yahoo.com.ar', 'Perón 7306', 100, 1),
(98, '12781294', 'Lucas', 'Aguilar', '0364046832', 'aguilar.lucas@yahoo.com.ar', '25 de Mayo 8098 Dpto E', 51, 1),
(99, '17157123', 'Lorena', 'Fernández', '0383499747', 'lorena.fernandez@icloud.com', 'Lima 7775 Piso 7 Dpto E', 63, 1),
(100, '41901389', 'Pedro', 'Giménez', '0346602631', 'p.gimenez@hotmail.com', 'Roca 4465 Piso 2 Dpto C', 45, 1),
(101, '15454915', 'Rosario', 'Gómez', '02944777614', 'rosario.gomez40@yahoo.com.ar', 'Viamonte 2110 Piso 5 Dpto E', 87, 1),
(102, '43048029', 'Emiliano', 'Reyes', '02966813265', 'reyes.emiliano@gmail.com', 'Carlos Calvo 3535', 18, 1),
(103, '30815425', 'Kevin', 'Pereyra', '02944790796', 'kevinpereyra@yahoo.com.ar', 'Córdoba 8894', 8, 1),
(104, '12691616', 'Eva', 'Suárez', '0343105945', 'eva.suarez@arnet.com.ar', 'Misiones 6392 Dpto C', 43, 1),
(105, '12714425', 'Marcela', 'Ojeda', '0221024739', 'm.ojeda@live.com.ar', 'Sarmiento 2496 Dpto C', 107, 1),
(106, '39606905', 'Luna', 'Leiva', '0345186040', 'luna.leiva32@hotmail.com', 'Necochea 3493 Piso 9 Dpto B', 29, 1),
(107, '24560511', 'Christian', 'Benítez', '0346075433', 'christian382@live.com.ar', 'Florida 9218', 94, 1),
(108, '20896386', 'Fernando', 'Correa', '0343782445', 'fernando.correa@live.com.ar', 'Martín García 8278', 98, 1),
(109, '38105956', 'Maximiliano', 'Calderón', '0358386914', 'calderon.maximiliano@speedy.com.ar', 'Chacabuco 6835', 1, 1),
(110, '12188818', 'Miguel', 'Sánchez', '0380866604', 'miguel937@hotmail.com.ar', 'Neuquén 5844', 55, 1),
(111, '14495661', 'Jorge', 'Duarte', '0341389754', 'jorge604@icloud.com', 'Mendoza 3336 Piso 5 Dpto D', 26, 1),
(112, '16376922', 'Susana', 'Ramírez', '0351028975', 'susanaramirez@fibertel.com.ar', 'Florida 5948', 25, 1),
(113, '10983075', 'David', 'Juárez', '0221323898', 'djuarez@hotmail.com', 'Vélez Sársfield 1718', 23, 1),
(114, '18356174', 'Carla', 'Martínez', '0370055166', 'carla.martinez95@icloud.com', 'Misiones 3284', 14, 1),
(115, '30327229', 'Sergio', 'Gómez', '0387388716', 'sgomez@fibertel.com.ar', 'Hipólito Yrigoyen 6348', 120, 1),
(116, '13729424', 'Jonathan', 'Carrizo', '0297758655', 'carrizo.jonathan@icloud.com', 'Formosa 3038', 13, 1),
(117, '22845588', 'Florencia', 'Miranda', '0370844804', 'fmiranda@hotmail.com', 'Belgrano 6722', 91, 1),
(118, '13502763', 'Karina', 'Flores', '0376735990', 'kflores@live.com.ar', 'Brandsen 1116 Dpto C', 2, 1),
(119, '10332433', 'Jessica', 'Campos', '0388762728', 'jessicacampos@hotmail.com.ar', 'Florida 6640', 27, 1),
(120, '13368113', 'Tomás', 'Espinoza', '0343957821', 'tomasespinoza@arnet.com.ar', 'Balcarce 7653 Piso 10 Dpto D', 48, 1),
(121, '38558404', 'Daniel', 'Ramos', '0341208196', 'daniel.ramos@live.com.ar', 'Lima 9765', 110, 1),
(122, '38526395', 'Sergio', 'Juárez', '02944957093', 'sergio.juarez@hotmail.com', 'Hipólito Yrigoyen 6938 Piso 4 Dpto E', 5, 1),
(123, '43410698', 'Alejandro', 'Castro', '0351889814', 'alejandrocastro@speedy.com.ar', 'Caseros 4977 Dpto E', 88, 1),
(124, '32340082', 'Joel', 'Núñez', '0396485469', 'nunez.joel@hotmail.com.ar', 'Martín García 7789 Dpto C', 103, 1),
(125, '22204609', 'Eduardo', 'García', '0372517252', 'eduardogarcia@hotmail.com', 'Vélez Sársfield 8941', 52, 1),
(126, '43106219', 'Julieta', 'Bravo', '0261650726', 'jbravo@yahoo.com.ar', 'Carlos Calvo 8463', 25, 1),
(127, '15837490', 'Nadia', 'Nieto', '0358352954', 'nnieto@arnet.com.ar', 'Alsina 6982', 21, 1),
(128, '23093632', 'Inés', 'Trujillo', '0112792364', 'inestrujillo@fibertel.com.ar', 'Garay 9597', 14, 1),
(129, '41818509', 'Gabriela', 'Prado', '0297037997', 'gabriela.prado@yahoo.com.ar', 'Piedras 3167', 114, 1),
(130, '33340172', 'Hugo', 'Blanco', '0364712616', 'hugo.blanco@hotmail.com.ar', 'Misiones 5884 Dpto G', 30, 1),
(131, '16441901', 'Roberto', 'Alonso', '0374883096', 'ralonso@speedy.com.ar', 'Caseros 6000 Piso 7 Dpto F', 110, 1),
(132, '16459986', 'Yamila', 'Sosa', '0385593456', 'yamila891@hotmail.com.ar', 'Chaco 9082 Dpto C', 109, 1),
(133, '10979096', 'Jorge', 'Uribe', '0221617059', 'juribe@hotmail.com', 'Dorrego 8731', 8, 1),
(134, '44689924', 'Daiana', 'Quiroga', '0221872396', 'daiana908@fibertel.com.ar', 'Cevallos 7676 Piso 8 Dpto H', 84, 1),
(135, '32940603', 'Melina', 'Campos', '0396291245', 'm.campos@hotmail.com.ar', 'Santiago del Estero 2307 Piso 2 Dpto E', 7, 1),
(136, '15816246', 'Emiliano', 'González', '0223494829', 'emiliano.gonzalez59@fibertel.com.ar', 'Balcarce 2928 Dpto D', 83, 1),
(137, '38810014', 'Valentín', 'Ibarra', '0381111592', 'valentin193@hotmail.com', 'Reconquista 4498', 47, 1),
(138, '34060558', 'Florencia', 'Villalba', '0396821403', 'fvillalba@speedy.com.ar', 'Martín García 716 Piso 4 Dpto H', 75, 1),
(139, '38238233', 'Marcos', 'Ponce', '0351253423', 'mponce@yahoo.com.ar', 'Caseros 5060', 33, 1),
(140, '24365099', 'Juan', 'Figueroa', '0376510397', 'juan.figueroa@yahoo.com.ar', 'Piedras 6302', 41, 1),
(141, '13815007', 'Jessica', 'Giménez', '0364519065', 'jessica263@hotmail.com.ar', 'Formosa 6195', 81, 1),
(142, '15622972', 'Jonathan', 'Sosa', '0362922939', 'jonathan.sosa@gmail.com', 'Carlos Calvo 1158', 28, 1),
(143, '23947727', 'Eugenia', 'Arias', '0376324934', 'eugenia577@fibertel.com.ar', 'Solís 9748', 40, 1),
(144, '10222503', 'Norma', 'Ponce', '0381261021', 'ponce.norma@gmail.com', 'Corrientes 5794', 100, 1),
(145, '26488350', 'Guillermo', 'Mansilla', '0388566160', 'g.mansilla@arnet.com.ar', 'Río Negro 7864', 22, 1),
(146, '13775507', 'Miguel', 'Franco', '0299759895', 'miguelfranco@gmail.com', 'Florida 5833', 119, 1),
(147, '35918876', 'Daniel', 'Arias', '0364452174', 'arias.daniel@hotmail.com.ar', 'Perón 1747', 11, 1),
(148, '25799120', 'Melanie', 'Leiva', '0223170289', 'melanie879@hotmail.com', 'Martín García 7948 Dpto F', 81, 1),
(149, '18340304', 'Laura', 'Figueroa', '0299905187', 'figueroa.laura@icloud.com', 'Dorrego 5864', 85, 1),
(150, '22217103', 'Hugo', 'Rolón', '02966550378', 'hugo.rolon35@outlook.com', 'Garay 2116 Piso 5 Dpto F', 11, 1),
(151, '36625453', 'Guadalupe', 'Álvarez', '0221108135', 'galvarez@icloud.com', 'Avellaneda 5244', 64, 1),
(152, '42595847', 'Eva', 'Ojeda', '0297492058', 'e.ojeda@icloud.com', 'Dorrego 2008', 15, 1),
(153, '28553480', 'Camila', 'Mansilla', '0387019526', 'camilamansilla@gmail.com', 'Carlos Calvo 1094 Dpto A', 17, 1),
(154, '32272020', 'Damián', 'Ramírez', '02944332673', 'ramirez.damian@live.com.ar', 'Río Negro 4013', 109, 1),
(155, '34730106', 'Lucía', 'Medina', '0223096579', 'luciamedina@live.com.ar', 'Avellaneda 7196', 110, 1),
(156, '35214359', 'Ezequiel', 'Salinas', '02966296502', 'ezequiel.salinas97@speedy.com.ar', 'Jujuy 4964 Dpto E', 41, 1),
(157, '41376676', 'Diana', 'Luna', '0380455207', 'd.luna@fibertel.com.ar', 'Santa Fe 1410 Piso 6 Dpto E', 35, 1),
(158, '29269233', 'Lautaro', 'Mena', '0370859047', 'mena.lautaro@gmail.com', 'Chacabuco 7812', 90, 1),
(159, '17222915', 'Lautaro', 'Giménez', '0291394236', 'lautarogimenez@arnet.com.ar', 'Defensa 4622', 10, 1),
(160, '37128234', 'Sofía', 'Suárez', '0364954517', 'sofia.suarez34@hotmail.com.ar', 'Cevallos 806 Dpto F', 24, 1),
(161, '37460882', 'Tomás', 'Rojas', '0112820711', 'tomasrojas@hotmail.com', 'Necochea 5828', 87, 1),
(162, '15005380', 'Rubén', 'Reyes', '0291817292', 'ruben.reyes26@hotmail.com.ar', 'Rivadavia 7097 Piso 4 Dpto D', 67, 1),
(163, '28893165', 'Nahuel', 'Benítez', '0299757937', 'n.benitez@icloud.com', 'Corrientes 3321 Piso 4 Dpto F', 66, 1),
(164, '21048986', 'Ignacio', 'Martínez', '0374386559', 'ignacio.martinez25@outlook.com', 'Brasil 1581 Dpto A', 104, 1),
(165, '26994642', 'Jimena', 'Nieto', '0261895448', 'jimena.nieto8@hotmail.com.ar', 'Balcarce 8487 Piso 4 Dpto G', 92, 1),
(166, '16294540', 'Martín', 'Borges', '0221960056', 'martin.borges@hotmail.com.ar', 'Chubut 9618', 68, 1),
(167, '17178781', 'Valentín', 'Luna', '0370873050', 'valentin.luna@fibertel.com.ar', 'Libertad 5751', 35, 1),
(168, '12419566', 'Noelia', 'Benítez', '0223561907', 'nbenitez@gmail.com', 'Jujuy 3966', 24, 1),
(169, '38830417', 'Roberto', 'Orellana', '02944530577', 'rorellana@outlook.com', 'Libertad 8368 Dpto A', 23, 1),
(170, '12386784', 'Sandra', 'Delgado', '0380288186', 'sandradelgado@yahoo.com.ar', 'Roca 5482', 27, 1),
(171, '25831053', 'Iris', 'Mendoza', '0345262342', 'imendoza@yahoo.com.ar', '9 de Julio 8215 Dpto B', 92, 1),
(172, '15264971', 'Rodrigo', 'Prieto', '0223595375', 'rprieto@yahoo.com.ar', 'Estados Unidos 1936', 39, 1),
(173, '20625471', 'Julieta', 'Leal', '0111741043', 'julieta.leal@hotmail.com', 'Santiago del Estero 9742 Piso 7 Dpto B', 95, 1),
(174, '31019266', 'Jimena', 'Sosa', '02966622482', 'sosa.jimena@hotmail.com', 'Santa Fe 3066', 97, 1),
(175, '40595138', 'Nahuel', 'Palma', '0376863193', 'npalma@outlook.com', '25 de Mayo 9711 Piso 7 Dpto H', 1, 1),
(176, '27847544', 'Dylan', 'Vega', '0387036803', 'dylan266@hotmail.com', 'Salta 8797', 104, 1),
(177, '18703155', 'Jesús', 'Reyes', '0291705007', 'reyes.jesus@outlook.com', 'Santa Fe 2371 Dpto H', 16, 1),
(178, '35110362', 'Lía', 'Aguirre', '0380086322', 'laguirre@hotmail.com', 'Sarmiento 445', 44, 1),
(179, '18118107', 'Federico', 'Bravo', '0346819869', 'federico.bravo29@gmail.com', 'La Rioja 5193', 4, 1),
(180, '32628173', 'Rosario', 'Zerda', '0341072542', 'rosario.zerda@outlook.com', 'Chacabuco 6669', 84, 1),
(181, '40147825', 'Pablo', 'Ibarra', '02944740802', 'pibarra@arnet.com.ar', 'Viamonte 3218 Dpto E', 56, 1),
(182, '29982511', 'Emilio', 'Cortez', '0343183936', 'emilio.cortez17@outlook.com', 'Martín García 238 Dpto A', 90, 1),
(183, '38906408', 'Brian', 'Molina', '0376255234', 'b.molina@fibertel.com.ar', 'Lavalle 2924', 88, 1),
(184, '10051466', 'Sebastián', 'Prado', '0299818028', 'sebastian.prado83@hotmail.com', 'Balcarce 1116', 19, 1),
(185, '23802517', 'Sandra', 'Muñoz', '0358363500', 'sandramunoz@hotmail.com.ar', 'Perú 4205', 31, 1),
(186, '17686651', 'Graciela', 'Giménez', '0376825978', 'graciela142@speedy.com.ar', 'Lavalle 4185 Piso 1 Dpto F', 84, 1),
(187, '12538306', 'Tomás', 'Lagos', '0383198026', 't.lagos@arnet.com.ar', 'Roca 430 Dpto A', 85, 1),
(188, '26233515', 'Marisol', 'Ibarra', '0358283058', 'marisol372@live.com.ar', 'Avellaneda 5625', 66, 1),
(189, '37704077', 'Santiago', 'Acosta', '0343490086', 'sacosta@hotmail.com', 'Caseros 5967', 22, 1),
(190, '14488260', 'Eliana', 'Pereyra', '0118458501', 'eliana360@live.com.ar', 'San Martín 8684', 113, 1),
(191, '11762572', 'Gabriel', 'Montoya', '0343666406', 'g.montoya@live.com.ar', 'Jujuy 9417', 29, 1),
(192, '31370259', 'Daniela', 'Espinoza', '0351401792', 'despinoza@outlook.com', 'Belgrano 7519', 79, 1),
(193, '13680521', 'Federico', 'Nieto', '0223603493', 'federico387@outlook.com', 'Viamonte 9956 Piso 8 Dpto A', 68, 1),
(194, '16763706', 'Laura', 'Blanco', '0351303490', 'lblanco@fibertel.com.ar', 'Florida 9755 Dpto E', 18, 1),
(195, '32045559', 'Jonathan', 'Bustos', '0376050484', 'j.bustos@icloud.com', 'Brasil 5391 Piso 2 Dpto B', 3, 1),
(196, '44160400', 'Eduardo', 'Ruiz', '0388056920', 'ruiz.eduardo@yahoo.com.ar', 'Caseros 6135', 4, 1),
(197, '37905218', 'Eugenia', 'Calderón', '0381551382', 'calderon.eugenia@icloud.com', 'Roca 1003 Piso 2 Dpto F', 76, 1),
(198, '31277564', 'Lorena', 'Luna', '0343303264', 'luna.lorena@icloud.com', 'Martín García 6642 Dpto D', 82, 1),
(199, '33609531', 'Patricia', 'Cortez', '0343132579', 'patricia.cortez@icloud.com', 'Jujuy 8499 Dpto C', 112, 1),
(200, '27882004', 'Axel', 'Luna', '0380418577', 'axel.luna70@speedy.com.ar', 'Florida 5486 Piso 5 Dpto G', 109, 1),
(201, '24577213', 'Luis', 'Orellana', '02944562427', 'luis238@fibertel.com.ar', 'Piedras 6720', 88, 1),
(202, '13291753', 'Federico', 'Arias', '02944862569', 'farias@yahoo.com.ar', 'Florida 2143', 108, 1),
(203, '15843765', 'Christian', 'Vargas', '0221799476', 'vargas.christian@arnet.com.ar', 'Junín 4303 Dpto D', 111, 1),
(204, '33677259', 'Axel', 'Duarte', '0364409237', 'axel.duarte26@speedy.com.ar', 'Solís 168', 53, 1),
(205, '39711675', 'Clara', 'Ibáñez', '0387666229', 'claraibanez@hotmail.com.ar', 'Roca 4498', 7, 1),
(206, '11475418', 'Eduardo', 'Vargas', '0380403959', 'evargas@outlook.com', 'Río Negro 5165', 57, 1),
(207, '16865564', 'Melanie', 'Nieto', '02944075046', 'melanie.nieto21@icloud.com', 'La Rioja 4453 Piso 9 Dpto A', 65, 1),
(208, '26966552', 'Florencia', 'Gutiérrez', '0387517842', 'fgutierrez@speedy.com.ar', 'Chaco 8301 Dpto E', 23, 1),
(209, '42433644', 'Evangelina', 'Prado', '0370327395', 'prado.evangelina@hotmail.com', 'Chubut 3765', 111, 1),
(210, '18037078', 'Ramiro', 'Beltrán', '0346378692', 'r.beltran@outlook.com', 'San Juan 2602', 118, 1),
(211, '14209936', 'Carolina', 'Ojeda', '0381385306', 'carolina.ojeda37@live.com.ar', 'Bolívar 8585', 98, 1),
(212, '27726601', 'Carla', 'Reyes', '0345555879', 'reyes.carla@arnet.com.ar', 'Defensa 9324', 58, 1),
(213, '25527061', 'Patricia', 'Romero', '0396333167', 'promero@yahoo.com.ar', 'Chacabuco 3324', 10, 1),
(214, '32097418', 'Marcos', 'Delgado', '0376495056', 'marcosdelgado@icloud.com', 'Junín 1664', 9, 1),
(215, '42506959', 'Daniel', 'Medina', '0385183618', 'medina.daniel@hotmail.com.ar', 'Córdoba 4637 Dpto B', 27, 1),
(216, '27603460', 'Matías', 'Ferreyra', '0351550818', 'm.ferreyra@yahoo.com.ar', 'Avellaneda 3967', 4, 1),
(217, '14868287', 'Valeria', 'Sosa', '0376056485', 'vsosa@live.com.ar', 'Libertad 894', 83, 1),
(218, '14360505', 'Camila', 'Díaz', '0370229740', 'camiladiaz@gmail.com', 'Reconquista 9598', 45, 1),
(219, '42304173', 'Celeste', 'Bravo', '0370823331', 'cbravo@hotmail.com.ar', 'Roca 5446 Dpto H', 72, 1),
(220, '23730640', 'Carolina', 'Villalba', '0351864414', 'carolina.villalba28@fibertel.com.ar', 'Junín 8200 Dpto F', 37, 1),
(221, '29652290', 'Pablo', 'Andrada', '0376205671', 'pablo367@gmail.com', 'Chacabuco 2608', 7, 1),
(222, '14495380', 'Alejandro', 'Espinoza', '0297544285', 'alejandro.espinoza46@fibertel.com.ar', 'Chacabuco 6898', 41, 1),
(223, '22465889', 'Daiana', 'Suárez', '0385059605', 'dsuarez@fibertel.com.ar', 'Alsina 3909', 57, 1),
(224, '10666011', 'Luis', 'Morales', '0351075431', 'luismorales@speedy.com.ar', 'Lima 406', 7, 1),
(225, '23561876', 'Celeste', 'Aguirre', '0297446073', 'celeste316@fibertel.com.ar', 'Hipólito Yrigoyen 8930', 31, 1),
(226, '10959419', 'Stella', 'Franco', '02944587438', 'franco.stella@yahoo.com.ar', 'San Juan 3792', 104, 1),
(227, '40133675', 'Raúl', 'Gutiérrez', '0383957832', 'raul.gutierrez87@live.com.ar', 'Junín 2681', 101, 1),
(228, '11879410', 'Maximiliano', 'Montoya', '0362384986', 'm.montoya@outlook.com', 'Alsina 8279 Dpto G', 76, 1),
(229, '17384603', 'Camila', 'Herrera', '0341020843', 'cherrera@icloud.com', 'San Martín 8292 Piso 9 Dpto C', 22, 1),
(230, '41025954', 'Verónica', 'Muñoz', '0299979202', 'veronica.munoz@arnet.com.ar', 'Tucumán 3157', 47, 1),
(231, '16397672', 'Yamila', 'Correa', '0388536872', 'yamila365@fibertel.com.ar', 'Las Heras 2433', 108, 1),
(232, '11584012', 'Hugo', 'Mendoza', '0297230648', 'hugo.mendoza87@speedy.com.ar', 'Lavalle 2890 Piso 8 Dpto F', 108, 1),
(233, '12493870', 'Evangelina', 'Rojas', '0299546329', 'erojas@yahoo.com.ar', 'Estados Unidos 2746', 120, 1),
(234, '14225166', 'Claudio', 'Navarro', '0387813714', 'c.navarro@hotmail.com', 'Formosa 8216', 66, 1),
(235, '27462658', 'Luisa', 'Cabrera', '0370094689', 'luisa124@hotmail.com.ar', 'Balcarce 1130 Dpto D', 81, 1),
(236, '36048011', 'Eugenia', 'Barrios', '0381990998', 'eugenia.barrios@gmail.com', 'Reconquista 1118 Piso 7 Dpto D', 105, 1),
(237, '39265258', 'Marina', 'Barrios', '0343857878', 'marina.barrios85@yahoo.com.ar', 'Jujuy 3779 Piso 7 Dpto D', 76, 1),
(238, '16784492', 'Ignacio', 'Gómez', '0383774210', 'i.gomez@outlook.com', 'Brasil 2691 Dpto F', 54, 1),
(239, '28218149', 'Estefanía', 'Herrera', '0381627734', 'e.herrera@hotmail.com.ar', 'Vélez Sársfield 1154 Dpto F', 46, 1),
(240, '36740119', 'Liliana', 'Calderón', '0362054779', 'l.calderon@hotmail.com', 'Entre Ríos 657', 16, 1),
(241, '37536370', 'Axel', 'Rojas', '0345560124', 'arojas@fibertel.com.ar', 'Las Heras 6404', 10, 1),
(242, '26392780', 'Gustavo', 'Quiroga', '0364602471', 'gustavoquiroga@arnet.com.ar', 'Lima 1902 Piso 9 Dpto H', 48, 1),
(243, '17501544', 'Mercedes', 'Andrada', '0261275676', 'mandrada@hotmail.com', 'Belgrano 9468', 37, 1),
(244, '44350499', 'Emilia', 'Barrios', '0223539808', 'emiliabarrios@hotmail.com', 'Vélez Sársfield 3573', 99, 1),
(245, '18512891', 'Hugo', 'Hernández', '0119780668', 'hhernandez@speedy.com.ar', 'Solís 7410 Dpto G', 110, 1),
(246, '17665652', 'Melanie', 'Blanco', '0376463204', 'melanie.blanco83@yahoo.com.ar', 'Formosa 2577', 57, 1),
(247, '32341029', 'Iris', 'Ibarra', '0114238176', 'iris.ibarra90@hotmail.com.ar', 'Balcarce 5267', 92, 1),
(248, '35579394', 'Rafael', 'Ferreyra', '0374888906', 'ferreyra.rafael@hotmail.com', 'Viamonte 7956', 63, 1),
(249, '12098568', 'Iris', 'Aguirre', '0299693230', 'iris.aguirre52@live.com.ar', 'Catamarca 9388 Piso 5 Dpto H', 114, 1),
(250, '39383266', 'Claudio', 'Duarte', '02944854796', 'claudio.duarte@speedy.com.ar', 'Roca 6240', 86, 1),
(251, '14709574', 'Rafael', 'Vargas', '0380830409', 'rvargas@icloud.com', 'Cochabamba 626', 112, 1),
(252, '25081691', 'Gabriel', 'Torres', '0374255727', 'gabriel289@yahoo.com.ar', 'Cevallos 8159', 85, 1),
(253, '29346627', 'Kevin', 'Núñez', '0297655884', 'kevin887@gmail.com', 'Salta 9043', 79, 1),
(254, '41845193', 'Lisandro', 'Trujillo', '0385139457', 'lisandro.trujillo5@fibertel.com.ar', 'Lima 9582', 104, 1),
(255, '28132702', 'Alan', 'Molina', '0364552768', 'amolina@icloud.com', 'San Juan 7002 Dpto A', 104, 1),
(256, '21604735', 'Vanesa', 'Franco', '0370796512', 'v.franco@gmail.com', 'Córdoba 1921', 24, 1),
(257, '39704899', 'Dylan', 'Gómez', '02944566762', 'dgomez@speedy.com.ar', 'Dorrego 5451 Piso 4 Dpto F', 35, 1),
(258, '19520662', 'Silvina', 'Rolón', '0299108798', 'srolon@arnet.com.ar', 'Catamarca 3183 Dpto C', 106, 1),
(259, '16824980', 'Mariana', 'Delgado', '0221983782', 'mariana.delgado@fibertel.com.ar', 'Perú 2813', 52, 1),
(260, '14988448', 'Mauricio', 'Vargas', '0341594626', 'm.vargas@outlook.com', 'Defensa 691', 54, 1),
(261, '23069112', 'Silvia', 'Mansilla', '0345952126', 'mansilla.silvia@yahoo.com.ar', 'Viamonte 6643', 6, 1),
(262, '27170438', 'Emanuel', 'Leiva', '0388252038', 'emanuel.leiva@outlook.com', 'Tucumán 1391', 119, 1),
(263, '33610466', 'Mauricio', 'Ponce', '0387533136', 'ponce.mauricio@gmail.com', 'Lima 8637 Dpto H', 72, 1),
(264, '15927011', 'Gustavo', 'Gutiérrez', '0345500845', 'gutierrez.gustavo@yahoo.com.ar', 'Lima 2025 Piso 7 Dpto A', 107, 1),
(265, '33564706', 'Benicio', 'Carrizo', '0387851208', 'carrizo.benicio@hotmail.com', 'Cochabamba 2850', 77, 1),
(266, '34295484', 'Joel', 'Trujillo', '0380285449', 'joeltrujillo@hotmail.com.ar', 'Florida 7868 Piso 3 Dpto F', 5, 1),
(267, '11311412', 'Eliana', 'Zerda', '0383262828', 'elianazerda@fibertel.com.ar', 'Santa Fe 6665 Dpto A', 1, 1),
(268, '13362814', 'Hernán', 'Segura', '0362795745', 'h.segura@live.com.ar', 'Bolívar 7477', 54, 1),
(269, '26370487', 'Marcela', 'Mena', '0388495507', 'm.mena@icloud.com', 'Martín García 3780', 26, 1),
(270, '14113561', 'Emilio', 'Palma', '0261804799', 'epalma@speedy.com.ar', 'Libertad 5074', 3, 1),
(271, '23608113', 'Osvaldo', 'Gutiérrez', '0396594793', 'osvaldo.gutierrez@fibertel.com.ar', 'Lima 7481', 35, 1),
(272, '20809968', 'Daniela', 'Mendoza', '0346693159', 'dmendoza@arnet.com.ar', 'Belgrano 8784', 64, 1),
(273, '16987153', 'Leandro', 'Medina', '0297164106', 'medina.leandro@live.com.ar', 'Alsina 5898 Dpto D', 103, 1),
(274, '25981762', 'Maximiliano', 'Barrios', '0374028962', 'barrios.maximiliano@hotmail.com.ar', 'Junín 5183 Piso 2 Dpto D', 52, 1),
(275, '23759788', 'Cristina', 'Medina', '0223110338', 'cristina.medina65@fibertel.com.ar', 'Piedras 3486', 21, 1),
(276, '37436517', 'Gonzalo', 'Serrano', '0358330395', 'gonzalo.serrano@yahoo.com.ar', 'Junín 6039', 43, 1),
(277, '10099159', 'Cecilia', 'Benítez', '0374913260', 'cecilia966@fibertel.com.ar', 'San Juan 4396', 66, 1),
(278, '15248877', 'Ariel', 'Ferreyra', '0396267007', 'ferreyra.ariel@arnet.com.ar', 'Independencia 7888 Dpto A', 61, 1),
(279, '44554756', 'Marcela', 'Martínez', '0372306557', 'marcela266@yahoo.com.ar', 'Lima 6750', 35, 1),
(280, '20749708', 'Sandra', 'Arias', '0370069879', 'sandra.arias93@icloud.com', 'Piedras 5512', 33, 1),
(281, '21380924', 'Rafael', 'Segura', '0362040385', 'rafaelsegura@yahoo.com.ar', 'Independencia 5782', 66, 1),
(282, '26363614', 'Mauricio', 'Salinas', '0297587534', 'mauricio.salinas16@hotmail.com', 'Hipólito Yrigoyen 817 Dpto A', 65, 1),
(283, '11051710', 'Brian', 'Aguirre', '0376759234', 'brian.aguirre1@yahoo.com.ar', 'Hipólito Yrigoyen 7877 Piso 1 Dpto A', 60, 1),
(284, '30430161', 'Melina', 'Ruiz', '0345123905', 'melina155@fibertel.com.ar', 'Entre Ríos 6850', 24, 1),
(285, '20908891', 'Graciela', 'Acosta', '02966116526', 'gacosta@hotmail.com', 'Dorrego 5572 Dpto F', 13, 1),
(286, '39195054', 'Carla', 'Cortez', '0343452956', 'c.cortez@speedy.com.ar', 'Junín 6899', 59, 1),
(287, '28897268', 'Horacio', 'Ferreyra', '0383331372', 'h.ferreyra@hotmail.com', 'San Juan 4285 Dpto E', 84, 1),
(288, '10789063', 'Walter', 'Zerda', '0221236519', 'wzerda@gmail.com', 'Reconquista 8654', 75, 1),
(289, '27993784', 'Rosario', 'Quiroga', '0297104804', 'rosario.quiroga18@gmail.com', 'Córdoba 1167 Piso 9 Dpto G', 50, 1),
(290, '36083272', 'Luis', 'Díaz', '0351118825', 'luis461@live.com.ar', 'Formosa 7190 Piso 6 Dpto C', 106, 1),
(291, '11169420', 'Silvina', 'Orellana', '0380078788', 'silvinaorellana@speedy.com.ar', 'Alsina 7845', 91, 1),
(292, '31787782', 'Luis', 'Fernández', '0343330523', 'l.fernandez@hotmail.com.ar', 'Brandsen 8360', 88, 1),
(293, '31767922', 'Luis', 'Pereyra', '0291911076', 'luis.pereyra@arnet.com.ar', 'Misiones 2726', 61, 1),
(294, '37880155', 'Germán', 'Gómez', '0291690811', 'gomez.german@outlook.com', 'Lima 1541 Piso 8 Dpto A', 29, 1),
(295, '39419411', 'Brenda', 'Carrizo', '02966087592', 'brenda146@yahoo.com.ar', 'Solís 3706 Piso 5 Dpto A', 19, 1),
(296, '23967950', 'Emilia', 'Ruiz', '0223265868', 'eruiz@outlook.com', 'Mendoza 3714', 69, 1),
(297, '17564426', 'Fermín', 'Mena', '0343473355', 'fermin.mena@hotmail.com', 'Cevallos 4033', 78, 1),
(298, '17776922', 'Fernanda', 'Moreno', '02944565243', 'fernanda98@live.com.ar', 'San Martín 9857', 8, 1),
(299, '39426642', 'Lautaro', 'Rojas', '0358077995', 'lautaro.rojas@yahoo.com.ar', 'Cevallos 4146', 11, 1),
(300, '44150176', 'Matías', 'Rodríguez', '0351242388', 'matias.rodriguez94@live.com.ar', 'San Juan 3876', 111, 1),
(301, '36466411', 'Francisco', 'Mansilla', '0119776556', 'fmansilla@icloud.com', 'Roca 1742', 86, 1),
(302, '24285429', 'Erik', 'Bustos', '0372571734', 'erikbustos@live.com.ar', 'Piedras 1101', 41, 1),
(303, '25642470', 'Clara', 'Navarro', '0388979463', 'clara202@gmail.com', 'Cevallos 7227', 111, 1),
(304, '23121621', 'Jessica', 'Acosta', '0380909115', 'jessica.acosta2@gmail.com', 'Independencia 5498', 99, 1),
(305, '23583216', 'Griselda', 'Díaz', '0110962587', 'g.diaz@outlook.com', 'Solís 4253', 61, 1),
(306, '42672431', 'Paola', 'Prieto', '02966549280', 'paola.prieto@outlook.com', 'Reconquista 4975', 43, 1),
(307, '21159189', 'Victoria', 'Espinoza', '0385565576', 'victoria.espinoza81@outlook.com', 'Córdoba 4737', 66, 1),
(308, '38737686', 'Claudio', 'Arias', '0299158820', 'carias@arnet.com.ar', 'Chubut 9800', 102, 1),
(309, '28998750', 'Ayelén', 'Salinas', '0116280338', 'ayelensalinas@live.com.ar', 'Estados Unidos 1218', 104, 1),
(310, '17837483', 'Hernán', 'Silva', '0299955260', 'hernan.silva@icloud.com', 'Lima 2235 Dpto D', 84, 1),
(311, '13945028', 'Fernando', 'Duarte', '0374493557', 'f.duarte@speedy.com.ar', 'Belgrano 3648 Dpto F', 12, 1),
(312, '35473428', 'Mónica', 'Ibarra', '0345910023', 'mibarra@icloud.com', 'Alsina 3357', 88, 1),
(313, '10195942', 'Karina', 'González', '02944765900', 'karinagonzalez@outlook.com', 'Sarmiento 7727', 69, 1),
(314, '43565652', 'Lisandro', 'Leal', '0374700512', 'lleal@hotmail.com', 'Balcarce 1593', 28, 1),
(315, '10462835', 'Rodrigo', 'Núñez', '0351864374', 'rodrigo.nunez11@yahoo.com.ar', 'Alsina 3392 Dpto F', 70, 1),
(316, '22442987', 'Sandra', 'Figueroa', '02944274522', 'figueroa.sandra@hotmail.com.ar', 'Alsina 4039', 102, 1),
(317, '15303242', 'Lisandro', 'Sánchez', '0383370523', 'lisandrosanchez@outlook.com', 'Lima 6412', 49, 1),
(318, '19657621', 'Marina', 'Cardozo', '0114214958', 'marina751@outlook.com', 'Roca 7454', 111, 1),
(319, '28561041', 'Jonathan', 'Rolón', '0345853744', 'jrolon@gmail.com', 'Formosa 8357', 118, 1),
(320, '41296504', 'Felipe', 'Andrada', '0387277283', 'andrada.felipe@speedy.com.ar', 'Reconquista 7357', 28, 1),
(321, '34069586', 'Martín', 'Fernández', '0345592752', 'martinfernandez@icloud.com', 'Balcarce 7204 Dpto C', 60, 1),
(322, '33504845', 'Eva', 'González', '0343749869', 'eva415@speedy.com.ar', 'Bolívar 3751', 24, 1),
(323, '35018062', 'Thiago', 'Pérez', '0261003563', 'thiago.perez48@hotmail.com.ar', 'Tucumán 6459', 16, 1),
(324, '27606087', 'Carla', 'Alonso', '0385151281', 'c.alonso@yahoo.com.ar', 'Santa Fe 8653', 11, 1),
(325, '36770092', 'Gastón', 'Cortez', '0114363199', 'gaston635@gmail.com', 'Sarmiento 740 Piso 2 Dpto D', 33, 1),
(326, '24808423', 'Leonardo', 'Silva', '0374799250', 'silva.leonardo@live.com.ar', 'Independencia 6901', 58, 1),
(327, '20774459', 'Claudio', 'Ponce', '0351543410', 'claudio.ponce@icloud.com', 'Río Negro 3034', 47, 1),
(328, '21130761', 'Mercedes', 'Segura', '0345305809', 'mercedes811@icloud.com', 'Humberto 1° 1303', 69, 1),
(329, '28385657', 'Emilio', 'Sánchez', '0370446651', 'esanchez@icloud.com', 'Roca 1729', 95, 1),
(330, '28720472', 'Cecilia', 'Núñez', '0116199502', 'cecilia.nunez89@live.com.ar', 'Junín 9359 Dpto A', 62, 1),
(331, '29321908', 'Noelia', 'Leal', '02944430312', 'leal.noelia@live.com.ar', 'Mendoza 4947', 4, 1),
(332, '38361492', 'Ivana', 'Ponce', '0223850203', 'ivana.ponce60@icloud.com', 'Martín García 1405', 95, 1),
(333, '17092037', 'Gustavo', 'Álvarez', '0299320403', 'gustavo.alvarez2@yahoo.com.ar', 'Río Negro 1314 Piso 1 Dpto H', 79, 1),
(334, '33730931', 'Felipe', 'Ferreyra', '0223940437', 'felipe.ferreyra29@hotmail.com', '9 de Julio 341', 70, 1),
(335, '18084726', 'Iris', 'Campos', '0385814188', 'iris86@icloud.com', 'Vélez Sársfield 7751 Dpto B', 17, 1),
(336, '33134335', 'Rodrigo', 'Medina', '0387537423', 'rodrigomedina@hotmail.com', 'Caseros 5932', 97, 1),
(337, '43327437', 'Patricio', 'Hernández', '0346275767', 'hernandez.patricio@gmail.com', 'Perú 6425', 68, 1),
(338, '42891195', 'Claudia', 'Paredes', '0297843841', 'claudia41@outlook.com', 'Perón 8038', 73, 1),
(339, '30296308', 'Mauricio', 'Muñoz', '0346690499', 'mauricio.munoz@arnet.com.ar', 'Carlos Calvo 8821', 108, 1),
(340, '28995899', 'Natalia', 'Domínguez', '0387662879', 'ndominguez@gmail.com', 'Chaco 8943', 37, 1),
(341, '44838319', 'Francisco', 'Morales', '0370535699', 'francisco.morales58@icloud.com', 'Misiones 9354', 45, 1),
(342, '42335596', 'Joaquín', 'Zerda', '0383414646', 'joaquin.zerda31@hotmail.com', 'Martín García 6815', 29, 1),
(343, '34089518', 'Norma', 'Aguirre', '02966042465', 'norma505@live.com.ar', 'Rivadavia 347 Dpto E', 6, 1),
(344, '39065428', 'Cristian', 'Sánchez', '0362525199', 'cristian703@hotmail.com', 'Mitre 2158', 43, 1),
(345, '13432959', 'Cecilia', 'Luna', '02944203070', 'cluna@speedy.com.ar', 'Mitre 8054 Dpto H', 117, 1),
(346, '32977353', 'Emilio', 'Gómez', '0261549799', 'emilio.gomez30@arnet.com.ar', 'Lima 4400', 79, 1),
(347, '17923501', 'Agustina', 'Salinas', '0364510284', 'agustina.salinas51@gmail.com', 'Humberto 1° 3214', 72, 1),
(348, '20420776', 'Alejandra', 'Hernández', '0374735874', 'alejandra.hernandez@speedy.com.ar', 'Hipólito Yrigoyen 801 Piso 6 Dpto C', 28, 1),
(349, '38152733', 'Daiana', 'Salinas', '0362810148', 'daiana484@hotmail.com', 'Carlos Calvo 5414', 65, 1),
(350, '39672535', 'Leandro', 'García', '0383777922', 'lgarcia@live.com.ar', 'Godoy Cruz 9780', 54, 1),
(351, '41102842', 'Leandro', 'Quiroga', '0374936958', 'leandro657@live.com.ar', 'Hipólito Yrigoyen 4871', 23, 1),
(352, '18380517', 'Susana', 'Segura', '0385182292', 'susanasegura@hotmail.com', 'Alsina 4351 Dpto G', 21, 1),
(353, '29374038', 'Gustavo', 'Gallardo', '0385659813', 'ggallardo@gmail.com', 'Santa Fe 7804 Dpto C', 112, 1),
(354, '17698247', 'Víctor', 'Navarro', '0381147662', 'victor.navarro@hotmail.com.ar', 'Neuquén 5165 Dpto E', 84, 1),
(355, '20170932', 'Evangelina', 'Arias', '0341674550', 'arias.evangelina@live.com.ar', 'Hipólito Yrigoyen 5988 Dpto F', 58, 1),
(356, '16574510', 'Ramiro', 'Toledo', '0381672659', 'ramiro.toledo@hotmail.com', 'Belgrano 1050 Dpto F', 47, 1),
(357, '43094116', 'Josefina', 'Paredes', '0346018068', 'josefinaparedes@live.com.ar', 'Perón 8894 Dpto B', 59, 1),
(358, '34754970', 'Emilio', 'Espinoza', '0372072262', 'e.espinoza@speedy.com.ar', 'Solís 4500 Piso 1 Dpto D', 26, 1),
(359, '30496374', 'Belén', 'Gómez', '0388004377', 'belengomez@hotmail.com.ar', 'Brasil 5269 Piso 2 Dpto A', 47, 1),
(360, '33060061', 'Lucrecia', 'Acosta', '0299443959', 'lucreciaacosta@yahoo.com.ar', 'Brasil 9109 Dpto C', 113, 1),
(361, '34748117', 'Patricia', 'Montoya', '02966481491', 'patricia250@hotmail.com.ar', 'Libertad 7616 Dpto G', 10, 1),
(362, '30441790', 'Ignacio', 'Miranda', '0297680541', 'ignacio70@live.com.ar', 'Necochea 3126', 110, 1),
(363, '15136932', 'Gustavo', 'Romero', '0345243026', 'gustavo.romero90@icloud.com', 'Neuquén 5445', 78, 1),
(364, '25536989', 'Eduardo', 'Blanco', '0346490132', 'eduardo.blanco23@speedy.com.ar', 'Estados Unidos 3667', 111, 1),
(365, '38231314', 'Rocío', 'Suárez', '0221059982', 'rocio172@fibertel.com.ar', 'Defensa 2748', 10, 1),
(366, '34402240', 'Agustín', 'Fernández', '0362226994', 'agustin.fernandez@hotmail.com', 'San Martín 8433', 111, 1),
(367, '10492105', 'Romina', 'Prado', '0299569425', 'rominaprado@live.com.ar', 'Reconquista 1700', 50, 1),
(368, '39378837', 'Brian', 'García', '0299226935', 'brian.garcia@yahoo.com.ar', 'Salta 770', 54, 1),
(369, '18809494', 'Ariel', 'Rolón', '0370046846', 'arielrolon@arnet.com.ar', 'San Martín 6497 Dpto D', 69, 1),
(370, '30760940', 'Facundo', 'Aguirre', '0364402834', 'f.aguirre@icloud.com', 'Santiago del Estero 8261', 11, 1),
(371, '33081077', 'Victoria', 'Gutiérrez', '0291225064', 'gutierrez.victoria@fibertel.com.ar', 'Hipólito Yrigoyen 9316', 107, 1),
(372, '12932288', 'Marcela', 'Ponce', '0381609077', 'marcelaponce@outlook.com', 'San Martín 6756', 92, 1),
(373, '29786021', 'Evangelina', 'Rolón', '0383878501', 'evangelinarolon@yahoo.com.ar', 'San Juan 6355 Piso 5 Dpto F', 100, 1),
(374, '17979209', 'Jimena', 'Ojeda', '0345958198', 'jojeda@hotmail.com', 'Hipólito Yrigoyen 5466', 7, 1),
(375, '30592802', 'Valeria', 'González', '0381299597', 'valeria.gonzalez68@hotmail.com.ar', 'Lavalle 1149', 76, 1),
(376, '30819642', 'Federico', 'Ruiz', '0370412857', 'fruiz@hotmail.com', 'Carlos Calvo 8264', 71, 1),
(377, '16757326', 'Fernando', 'Zerda', '0364096680', 'fernando.zerda84@yahoo.com.ar', 'Carlos Calvo 8703', 105, 1),
(378, '19720426', 'Tamara', 'Sosa', '0362110001', 'tamara718@hotmail.com.ar', 'Lima 2820', 91, 1),
(379, '35489840', 'Rubén', 'Aguilar', '0388026653', 'ruben.aguilar12@outlook.com', 'Río Negro 1402 Piso 3 Dpto G', 104, 1),
(380, '19682930', 'Estefanía', 'Trujillo', '0383753705', 'etrujillo@gmail.com', 'Río Negro 1246 Dpto H', 82, 1),
(381, '22825045', 'Sebastián', 'Vargas', '0364593783', 'sebastian337@fibertel.com.ar', 'Chacabuco 8632', 120, 1),
(382, '39585531', 'Cinthia', 'Hernández', '0291312828', 'hernandez.cinthia@arnet.com.ar', 'Perú 8529 Piso 2 Dpto F', 119, 1),
(383, '24288343', 'Kevin', 'Quiroga', '0113658695', 'kevin794@outlook.com', 'Humberto 1° 2040', 92, 1),
(384, '12357549', 'Valeria', 'Díaz', '0364957751', 'vdiaz@hotmail.com.ar', 'San Luis 213 Piso 9 Dpto E', 37, 1),
(385, '23127016', 'Lucía', 'Castro', '0114320050', 'lucia504@arnet.com.ar', 'Hipólito Yrigoyen 2397', 86, 1),
(386, '43139684', 'Griselda', 'Flores', '0385666203', 'g.flores@gmail.com', 'Córdoba 9025 Dpto E', 29, 1),
(387, '18696196', 'Eliana', 'González', '0341893931', 'egonzalez@arnet.com.ar', 'Vélez Sársfield 1659', 118, 1),
(388, '28184214', 'Analía', 'Sosa', '0111303117', 'analia455@speedy.com.ar', 'Viamonte 9492 Dpto G', 70, 1),
(389, '31851466', 'Agustina', 'Bravo', '0370360793', 'agustina.bravo42@hotmail.com.ar', 'Alsina 2578 Dpto A', 3, 1),
(390, '41697575', 'Ezequiel', 'Cabrera', '02944632032', 'cabrera.ezequiel@fibertel.com.ar', '25 de Mayo 8784 Piso 6 Dpto D', 108, 1),
(391, '19649170', 'Cristina', 'Ríos', '0223416813', 'cristina479@speedy.com.ar', 'Córdoba 5413', 44, 1),
(392, '12998498', 'Marcos', 'Duarte', '0387485670', 'marcosduarte@fibertel.com.ar', 'Perú 7713 Piso 6 Dpto E', 120, 1),
(393, '39260910', 'Nicolás', 'Trujillo', '0261943705', 'n.trujillo@icloud.com', '9 de Julio 9523', 49, 1),
(394, '31864169', 'Matías', 'Montoya', '0376723617', 'matiasmontoya@outlook.com', 'Piedras 8132 Piso 1 Dpto E', 20, 1),
(395, '15221750', 'Jessica', 'Trujillo', '0351323210', 'jessica495@live.com.ar', 'Cevallos 9092 Dpto D', 63, 1),
(396, '28337712', 'Sandra', 'Bravo', '0362729347', 'bravo.sandra@arnet.com.ar', 'Córdoba 2310 Piso 3 Dpto B', 58, 1),
(397, '38282955', 'Fernanda', 'Álvarez', '02966454791', 'fernandaalvarez@outlook.com', 'Garay 3230', 10, 1),
(398, '20239062', 'Ricardo', 'Navarro', '0364633629', 'r.navarro@speedy.com.ar', 'Roca 2606', 83, 1),
(399, '44788656', 'Alan', 'Fernández', '0345756166', 'alan.fernandez@gmail.com', 'Bolívar 3217', 21, 1),
(400, '35888291', 'Griselda', 'Vargas', '02966332706', 'griselda665@icloud.com', 'Salta 7595 Dpto G', 108, 1),
(401, '30325128', 'Julián', 'Ibáñez', '0364217823', 'ibanez.julian@yahoo.com.ar', 'Piedras 1724', 31, 1),
(402, '14321669', 'Gastón', 'Blanco', '02944994961', 'g.blanco@hotmail.com', 'Carlos Calvo 5891', 35, 1),
(403, '24380209', 'Inés', 'Cabrera', '0343862173', 'cabrera.ines@live.com.ar', 'Lavalle 336 Dpto H', 59, 1),
(404, '34885869', 'Emilio', 'Zamora', '0358841807', 'emilio775@speedy.com.ar', 'Garay 7843', 5, 1),
(405, '20749498', 'Rafael', 'Salinas', '0372570944', 'rafael.salinas@speedy.com.ar', 'Defensa 5950 Piso 9 Dpto D', 14, 1),
(406, '34912827', 'Alexis', 'Blanco', '0387325309', 'alexis.blanco@speedy.com.ar', 'Catamarca 514', 114, 1),
(407, '39612602', 'Maximiliano', 'Duarte', '0291709580', 'maximilianoduarte@yahoo.com.ar', 'Caseros 3670', 20, 1),
(408, '41759553', 'Camila', 'Godoy', '02966468501', 'camila.godoy@speedy.com.ar', 'Entre Ríos 1851', 55, 1),
(409, '26609842', 'Ignacio', 'Cáceres', '0385208500', 'caceres.ignacio@outlook.com', 'San Luis 4007 Dpto A', 98, 1),
(410, '43788766', 'Marcela', 'Rojas', '0385193138', 'm.rojas@gmail.com', 'Avellaneda 5678', 39, 1),
(411, '22116051', 'Daniela', 'Medina', '0376924163', 'd.medina@outlook.com', 'Cochabamba 3769', 64, 1),
(412, '41312804', 'Paola', 'Castro', '02966919196', 'castro.paola@icloud.com', 'Perón 6305 Piso 4 Dpto A', 43, 1),
(413, '10706807', 'Claudio', 'Prado', '0387004216', 'claudio.prado9@arnet.com.ar', 'Chacabuco 6025 Piso 6 Dpto C', 94, 1),
(414, '20846192', 'Eduardo', 'Moreno', '0388481013', 'eduardo.moreno@hotmail.com', 'Misiones 6033', 60, 1),
(415, '42499917', 'Jesús', 'Andrada', '0387419608', 'andrada.jesus@hotmail.com', 'Piedras 6673', 55, 1),
(416, '20374568', 'Silvia', 'Ramos', '0341203579', 's.ramos@speedy.com.ar', 'Estados Unidos 5161 Dpto E', 59, 1),
(417, '31976678', 'Ricardo', 'Rojas', '0376185066', 'ricardorojas@fibertel.com.ar', 'Jujuy 4329', 2, 1),
(418, '32697351', 'Eduardo', 'Leiva', '02944826750', 'eduardo.leiva@live.com.ar', 'Mendoza 6169 Dpto H', 115, 1),
(419, '11520567', 'Diego', 'Carrizo', '0358433286', 'carrizo.diego@hotmail.com', 'San Juan 2567 Piso 6 Dpto G', 84, 1),
(420, '27398041', 'Cinthia', 'Carrizo', '02966522457', 'ccarrizo@outlook.com', 'San Juan 2687', 32, 1),
(421, '13512245', 'Cristian', 'Miranda', '0370342767', 'cmiranda@outlook.com', 'Dorrego 9454', 4, 1),
(422, '34037903', 'Ingrid', 'Rodríguez', '0358058183', 'irodriguez@arnet.com.ar', 'Defensa 1219', 82, 1),
(423, '22273534', 'Paola', 'Luna', '0117238323', 'paolaluna@outlook.com', 'Libertad 1637', 29, 1),
(424, '41106588', 'Eliana', 'Toledo', '0388082803', 'elianatoledo@outlook.com', 'Perón 3205', 42, 1),
(425, '35844903', 'Norma', 'Lagos', '0383505769', 'norma.lagos71@arnet.com.ar', 'Vélez Sársfield 7270 Dpto A', 97, 1),
(426, '14528447', 'Micaela', 'Alonso', '0110394507', 'micaela.alonso79@outlook.com', 'Formosa 965', 105, 1),
(427, '38351528', 'Santiago', 'Fernández', '0261114663', 'sfernandez@icloud.com', 'Defensa 8909 Piso 8 Dpto D', 62, 1),
(428, '19299781', 'Elena', 'Bustos', '0370794507', 'elena.bustos65@hotmail.com.ar', 'Bolívar 9625 Piso 4 Dpto B', 5, 1),
(429, '31683152', 'Griselda', 'González', '0291884421', 'gonzalez.griselda@hotmail.com', 'Caseros 1902 Piso 4 Dpto C', 91, 1),
(430, '23225226', 'María', 'Moreno', '0387147369', 'maria.moreno70@outlook.com', 'Chubut 9375', 85, 1),
(431, '35602104', 'Yanina', 'Mena', '0370827220', 'mena.yanina@icloud.com', 'Brandsen 7294', 114, 1),
(432, '16384139', 'Pedro', 'Mendoza', '02966139995', 'mendoza.pedro@arnet.com.ar', 'Solís 2291', 40, 1),
(433, '43328900', 'Antonela', 'Romero', '0380982366', 'romero.antonela@arnet.com.ar', '25 de Mayo 8708', 77, 1),
(434, '33554286', 'María', 'Reyes', '0112905624', 'reyes.maria@fibertel.com.ar', 'Solís 3993', 32, 1),
(435, '14026164', 'Tomás', 'Ferreyra', '0381326005', 'tomas.ferreyra75@hotmail.com.ar', 'Lavalle 7152', 71, 1),
(436, '15957241', 'Lucas', 'Pérez', '0376193637', 'perez.lucas@gmail.com', '9 de Julio 7431 Dpto B', 89, 1),
(437, '31848887', 'Nahuel', 'Ibáñez', '0380704954', 'nahuel.ibanez@speedy.com.ar', 'Jujuy 9923 Piso 3 Dpto A', 37, 1),
(438, '40256171', 'Jesús', 'Andrada', '0380128188', 'andrada.jesus@live.com.ar', 'Independencia 5068 Piso 9 Dpto E', 3, 1),
(439, '37252263', 'Octavio', 'Sosa', '0297647558', 'o.sosa@live.com.ar', 'Garay 8266', 71, 1),
(440, '43575243', 'Roberto', 'Aguilar', '0261325511', 'raguilar@live.com.ar', 'San Luis 4366 Piso 4 Dpto H', 52, 1),
(441, '30243602', 'Sofía', 'Rojas', '0374051610', 'sofiarojas@hotmail.com.ar', 'Entre Ríos 6410', 109, 1),
(442, '29570625', 'Emilio', 'Figueroa', '0364527692', 'efigueroa@live.com.ar', 'San Juan 2649', 87, 1),
(443, '18865394', 'Nahuel', 'Serrano', '0362224557', 'serrano.nahuel@speedy.com.ar', 'Dorrego 306', 6, 1),
(444, '22255536', 'Vanesa', 'Sosa', '0345845611', 'vanesa.sosa@live.com.ar', 'Carlos Calvo 1507 Piso 6 Dpto A', 1, 1),
(445, '43449668', 'Axel', 'Salinas', '0388664454', 'axelsalinas@live.com.ar', 'Mitre 9961', 19, 1),
(446, '34215522', 'Gabriela', 'Prado', '0341479487', 'gprado@speedy.com.ar', 'Entre Ríos 1919', 64, 1),
(447, '25085736', 'Julieta', 'Flores', '0297645356', 'julietaflores@hotmail.com.ar', 'Santiago del Estero 8421', 34, 1),
(448, '31592007', 'Octavio', 'Beltrán', '0113345637', 'obeltran@gmail.com', 'Sarmiento 7330', 59, 1),
(449, '18674498', 'Silvina', 'Reyes', '0261945489', 'silvina472@fibertel.com.ar', 'San Luis 1051', 119, 1),
(450, '11977320', 'Bruno', 'Suárez', '0115736327', 'bruno.suarez@arnet.com.ar', 'Caseros 7284', 95, 1),
(451, '15906538', 'Juan', 'Bustos', '0223781395', 'juan610@outlook.com', 'Florida 7678 Piso 5 Dpto D', 80, 1),
(452, '12358729', 'Rocío', 'Martínez', '0223299153', 'rocio935@gmail.com', 'Lima 3582', 118, 1),
(453, '28599767', 'Néstor', 'Godoy', '0117604972', 'nestor93@fibertel.com.ar', 'Rivadavia 8509', 35, 1),
(454, '42391600', 'Ignacio', 'Paredes', '0376192818', 'ignacio.paredes5@yahoo.com.ar', '9 de Julio 8843 Dpto C', 101, 1),
(455, '36257359', 'Lisandro', 'Silva', '02944947738', 'silva.lisandro@fibertel.com.ar', 'Lavalle 6090 Piso 4 Dpto D', 24, 1),
(456, '34470033', 'Juan', 'Arias', '0370839277', 'juan.arias@hotmail.com', 'San Luis 4237 Piso 9 Dpto G', 104, 1),
(457, '36021694', 'Diego', 'Castro', '0299827563', 'diego.castro@hotmail.com.ar', 'Caseros 4153', 63, 1),
(458, '25668826', 'Cinthia', 'Salinas', '0343155877', 'cinthia.salinas@live.com.ar', 'Santiago del Estero 1578', 73, 1),
(459, '31852725', 'Christian', 'Alonso', '0370566525', 'calonso@live.com.ar', 'Estados Unidos 3645', 10, 1),
(460, '22515646', 'Viviana', 'Sosa', '0345209551', 'vsosa@outlook.com', 'San Martín 1549', 43, 1),
(461, '42021210', 'Rafael', 'Luna', '0297048908', 'rafaelluna@outlook.com', 'Santa Fe 4887 Dpto E', 7, 1),
(462, '22090820', 'Brian', 'Cruz', '0370431253', 'brian.cruz34@gmail.com', 'Mendoza 2034 Dpto C', 55, 1);
INSERT INTO `cliente` (`id_cliente`, `dni`, `nombre`, `apellido`, `telefono`, `email`, `direccion`, `id_localidad`, `activo`) VALUES
(463, '29741799', 'Lorena', 'Álvarez', '0111139809', 'lorenaalvarez@outlook.com', 'Tucumán 5469 Piso 4 Dpto F', 26, 1),
(464, '18302244', 'Cristian', 'Castillo', '0380750177', 'cristian.castillo47@gmail.com', 'Reconquista 5728', 66, 1),
(465, '15130016', 'Thiago', 'Paredes', '0261325787', 'thiago662@outlook.com', 'Piedras 5624 Dpto G', 60, 1),
(466, '27270131', 'Germán', 'Trujillo', '0376408520', 'german.trujillo17@yahoo.com.ar', 'Estados Unidos 5437 Dpto E', 54, 1),
(467, '22031727', 'Dolores', 'Sosa', '0341938622', 'dsosa@outlook.com', 'Reconquista 2482 Piso 9 Dpto B', 89, 1),
(468, '23544177', 'Christian', 'Martínez', '0223182955', 'martinez.christian@icloud.com', 'Corrientes 9093', 58, 1),
(469, '32830357', 'Carlos', 'Leal', '0374449506', 'c.leal@live.com.ar', 'Perú 6827', 103, 1),
(470, '17882141', 'Sebastián', 'Luna', '0380912198', 'sebastian.luna36@hotmail.com.ar', 'Santiago del Estero 5636', 93, 1),
(471, '34858549', 'Agustín', 'Pérez', '0221293523', 'agustin.perez@hotmail.com.ar', 'Belgrano 2758', 80, 1),
(472, '11996708', 'Carla', 'Leiva', '0223040547', 'carla.leiva77@fibertel.com.ar', 'Neuquén 3384', 80, 1),
(473, '43206239', 'Mónica', 'Aguirre', '0387504394', 'monicaaguirre@gmail.com', 'Entre Ríos 4447 Dpto E', 78, 1),
(474, '26587981', 'Federico', 'Duarte', '0343110779', 'fduarte@outlook.com', 'Estados Unidos 9287', 33, 1),
(475, '38692895', 'Ezequiel', 'Gallardo', '0341782483', 'e.gallardo@live.com.ar', 'Defensa 9397 Dpto B', 28, 1),
(476, '44208787', 'María', 'Juárez', '0374707687', 'maria.juarez@fibertel.com.ar', 'Catamarca 2246 Dpto B', 88, 1),
(477, '32558851', 'Matías', 'Segura', '0299499425', 'matias.segura40@live.com.ar', 'Roca 3207 Dpto G', 107, 1),
(478, '19656802', 'Sofía', 'Segura', '0388066454', 'sofia.segura@outlook.com', 'Florida 4169 Dpto G', 11, 1),
(479, '41236543', 'Gastón', 'Zamora', '0223105871', 'g.zamora@arnet.com.ar', 'Reconquista 6595', 37, 1),
(480, '18052146', 'Esteban', 'González', '0358043779', 'esteban982@outlook.com', '25 de Mayo 871', 57, 1),
(481, '19438728', 'Daniela', 'Flores', '0341753222', 'dflores@speedy.com.ar', 'Garay 8845 Piso 3 Dpto B', 79, 1),
(482, '38238111', 'Fernando', 'Toledo', '02966356541', 'fernando702@hotmail.com', 'Perú 6336', 112, 1),
(483, '32529813', 'Claudio', 'Orellana', '0370190554', 'claudioorellana@speedy.com.ar', 'Hipólito Yrigoyen 4497 Dpto H', 47, 1),
(484, '18482593', 'Thiago', 'Núñez', '0261011501', 't.nunez@hotmail.com', 'Chacabuco 189', 64, 1),
(485, '44406419', 'Alan', 'Uribe', '0380389561', 'alan.uribe58@gmail.com', 'San Luis 1912 Dpto C', 107, 1),
(486, '25367552', 'Agustín', 'Cortez', '0291685413', 'agustin.cortez13@gmail.com', 'Belgrano 9646', 77, 1),
(487, '27539682', 'Alejandro', 'Ponce', '0346985313', 'alejandro.ponce57@speedy.com.ar', 'Formosa 2882', 61, 1),
(488, '21241429', 'Mónica', 'Ponce', '0341490461', 'ponce.monica@yahoo.com.ar', 'Necochea 5917', 27, 1),
(489, '26723403', 'Rosario', 'Jiménez', '0297573810', 'rosario.jimenez@yahoo.com.ar', 'Cochabamba 9688', 76, 1),
(490, '11222687', 'Octavio', 'Espinoza', '02966572857', 'espinoza.octavio@arnet.com.ar', 'Mitre 888', 55, 1),
(491, '43908177', 'Julieta', 'Arias', '0376839586', 'jarias@live.com.ar', 'Entre Ríos 409', 118, 1),
(492, '39860923', 'Roberto', 'Calderón', '0374544755', 'roberto.calderon@yahoo.com.ar', 'Santiago del Estero 8601', 98, 1),
(493, '39488533', 'Osvaldo', 'Figueroa', '0380702290', 'figueroa.osvaldo@hotmail.com.ar', 'Rivadavia 8449 Piso 10 Dpto C', 2, 1),
(494, '28728165', 'Gonzalo', 'Ortiz', '0385672190', 'gonzalo.ortiz59@arnet.com.ar', 'San Luis 7515 Piso 5 Dpto F', 54, 1),
(495, '41745372', 'Romina', 'Reyes', '0299219054', 'rreyes@hotmail.com.ar', 'La Rioja 5245', 59, 1),
(496, '18912875', 'Luis', 'Martínez', '0370234848', 'luis.martinez@icloud.com', 'Chacabuco 5435', 27, 1),
(497, '26329014', 'Clara', 'Reyes', '0362264604', 'clarareyes@gmail.com', 'Garay 6749', 38, 1),
(498, '17779542', 'Natalia', 'Barrios', '0380461447', 'n.barrios@speedy.com.ar', 'Vélez Sársfield 4034', 82, 1),
(499, '42542474', 'Horacio', 'Duarte', '0396289551', 'hduarte@yahoo.com.ar', 'Santiago del Estero 9294 Dpto A', 93, 1),
(500, '35542970', 'Tomás', 'Prado', '0387823524', 'tomas409@yahoo.com.ar', 'Perú 4866', 26, 1),
(501, '34457554', 'Eva', 'Vargas', '0370598313', 'e.vargas@icloud.com', 'Sarmiento 7303', 54, 1),
(502, '22276972', 'Alejandro', 'Vera', '0372030299', 'alejandrovera@hotmail.com', 'Piedras 9762', 39, 1),
(503, '35337754', 'Patricia', 'Toledo', '0383877011', 'patriciatoledo@gmail.com', 'Santa Fe 6309 Dpto H', 68, 1),
(504, '19099729', 'Damián', 'Silva', '0380613506', 'dsilva@arnet.com.ar', 'Dorrego 5874', 27, 1),
(505, '24996656', 'Ramiro', 'Gómez', '0343741417', 'gomez.ramiro@gmail.com', 'Santiago del Estero 7449 Piso 3 Dpto G', 36, 1),
(506, '12868372', 'Marcela', 'Flores', '0221725247', 'marcela607@live.com.ar', 'Reconquista 8015 Piso 2 Dpto H', 85, 1),
(507, '18550649', 'Susana', 'Delgado', '0291616614', 'delgado.susana@speedy.com.ar', 'San Juan 7394', 47, 1),
(508, '14210831', 'Néstor', 'Cáceres', '0297195014', 'n.caceres@hotmail.com.ar', 'Brasil 6876', 88, 1),
(509, '13103831', 'Gabriel', 'Montoya', '0388422973', 'gabriel509@arnet.com.ar', 'Brandsen 8839 Dpto H', 37, 1),
(510, '26618295', 'Federico', 'Medina', '0380138904', 'fmedina@arnet.com.ar', 'Martín García 5793 Dpto D', 38, 1),
(511, '41801831', 'Tamara', 'Molina', '0221192545', 'tamara.molina74@icloud.com', 'Defensa 804', 58, 1),
(512, '29400429', 'Andrea', 'Aguilar', '0358660971', 'andreaaguilar@gmail.com', 'Defensa 4469', 38, 1),
(513, '27218647', 'Eduardo', 'Domínguez', '0261598608', 'edominguez@hotmail.com', 'Catamarca 5338', 89, 1),
(514, '24297089', 'Daniel', 'Calderón', '0372898177', 'd.calderon@hotmail.com', 'San Martín 2642 Dpto A', 110, 1),
(515, '24156611', 'Gustavo', 'Pereyra', '0374547266', 'gustavopereyra@arnet.com.ar', 'Libertad 9891 Piso 6 Dpto H', 75, 1),
(516, '13720275', 'Diego', 'Bravo', '0223586064', 'diegobravo@yahoo.com.ar', 'Las Heras 5890 Piso 4 Dpto H', 36, 1),
(517, '41695902', 'Celeste', 'Arias', '0364800106', 'c.arias@hotmail.com.ar', 'Perú 5559 Piso 6 Dpto B', 90, 1),
(518, '44044253', 'Celeste', 'Díaz', '0345928829', 'celeste.diaz@arnet.com.ar', 'San Juan 4672 Dpto E', 69, 1),
(519, '31539448', 'Lucía', 'Aguilar', '0376180496', 'aguilar.lucia@speedy.com.ar', 'Viamonte 4016', 41, 1),
(520, '29694933', 'Rosario', 'Mendoza', '0374604693', 'rosario.mendoza@live.com.ar', 'Roca 9218', 98, 1),
(521, '29222734', 'Cecilia', 'Leal', '0119047259', 'c.leal@icloud.com', 'Santa Fe 2408 Piso 2 Dpto A', 84, 1),
(522, '41668674', 'Gastón', 'Figueroa', '0343164843', 'g.figueroa@speedy.com.ar', 'Solís 2594 Piso 10 Dpto A', 70, 1),
(523, '22676339', 'Guadalupe', 'Ruiz', '0291789307', 'guadalupe.ruiz20@hotmail.com.ar', 'Santiago del Estero 9304', 113, 1),
(524, '23438367', 'Ingrid', 'Correa', '0376240344', 'icorrea@gmail.com', '25 de Mayo 4114 Piso 2 Dpto F', 10, 1),
(525, '36812357', 'Leticia', 'Barrios', '0383325600', 'leticia813@hotmail.com', 'Libertad 9926', 5, 1),
(526, '27731235', 'Verónica', 'Paredes', '0372673350', 'vparedes@live.com.ar', 'Belgrano 2796', 106, 1),
(527, '18180197', 'Alejandra', 'Cardozo', '0387056732', 'alejandracardozo@yahoo.com.ar', 'Avellaneda 7387', 35, 1),
(528, '32963772', 'Sebastián', 'Miranda', '0362732080', 'miranda.sebastian@yahoo.com.ar', 'Perón 8091 Piso 4 Dpto H', 18, 1),
(529, '32251218', 'Thiago', 'Ponce', '0370260941', 'thiago730@live.com.ar', 'Chubut 6135 Piso 2 Dpto F', 55, 1),
(530, '29486756', 'Maximiliano', 'Ávila', '0345272377', 'm.avila@icloud.com', 'Balcarce 8827 Piso 6 Dpto E', 66, 1),
(531, '32758609', 'Silvia', 'Leiva', '0387348181', 'silvia.leiva40@hotmail.com', 'Salta 5702 Piso 7 Dpto A', 16, 1),
(532, '28896906', 'Mónica', 'Rolón', '02944397511', 'monicarolon@outlook.com', 'Piedras 1685', 55, 1),
(533, '18555290', 'Jonathan', 'Nieto', '0385871266', 'j.nieto@arnet.com.ar', 'Santa Fe 6511', 112, 1),
(534, '16727685', 'Mercedes', 'Mena', '0351369040', 'mercedes149@live.com.ar', 'La Rioja 8192', 40, 1),
(535, '15338282', 'Guadalupe', 'López', '0388032789', 'lopez.guadalupe@outlook.com', 'Alsina 404 Piso 4 Dpto E', 73, 1),
(536, '20394988', 'Liliana', 'Sosa', '0376578877', 'l.sosa@speedy.com.ar', 'Las Heras 8408', 101, 1),
(537, '30613658', 'Agustín', 'Gallardo', '0261306571', 'agustin.gallardo@fibertel.com.ar', 'Godoy Cruz 3228', 10, 1),
(538, '24693850', 'Rocío', 'Uribe', '0341773499', 'rocio235@icloud.com', 'Catamarca 9162', 105, 1),
(539, '30926250', 'Rubén', 'Leiva', '0346417999', 'ruben.leiva6@live.com.ar', 'La Rioja 4446', 110, 1),
(540, '34399565', 'David', 'Prieto', '0381041811', 'prieto.david@speedy.com.ar', 'Cevallos 9055 Piso 5 Dpto A', 48, 1),
(541, '15780718', 'Mauricio', 'Arias', '0364393777', 'm.arias@outlook.com', 'Salta 2918', 64, 1),
(542, '43240178', 'Sandra', 'Morales', '0370893335', 's.morales@speedy.com.ar', 'Estados Unidos 6598', 4, 1),
(543, '19313225', 'Martín', 'García', '0343681696', 'm.garcia@speedy.com.ar', '9 de Julio 5675', 40, 1),
(544, '13007768', 'Verónica', 'Castillo', '0343068252', 'castillo.veronica@hotmail.com', 'Caseros 3994', 33, 1),
(545, '16575842', 'Jonathan', 'Castro', '0297418008', 'jonathan777@hotmail.com', 'Belgrano 5749', 65, 1),
(546, '19825445', 'Pedro', 'Campos', '02944092712', 'p.campos@arnet.com.ar', 'Santiago del Estero 8789 Dpto F', 50, 1),
(547, '24739425', 'Tamara', 'Quiroga', '0341859967', 'tamara.quiroga14@yahoo.com.ar', 'Brasil 9962', 89, 1),
(548, '18630703', 'Yésica', 'Rojas', '0388995349', 'yrojas@speedy.com.ar', 'La Rioja 5242', 35, 1),
(549, '27256747', 'Milagros', 'Uribe', '0345477175', 'muribe@icloud.com', 'Balcarce 4783 Piso 2 Dpto H', 112, 1),
(550, '30799539', 'Nahuel', 'Trujillo', '0362403410', 'nahuel.trujillo44@gmail.com', 'Misiones 8568', 71, 1),
(551, '41455035', 'Daiana', 'Salinas', '0381455396', 'daiana.salinas@yahoo.com.ar', 'Córdoba 2805 Piso 5 Dpto B', 1, 1),
(552, '36821273', 'Dylan', 'Montoya', '0396009786', 'dylanmontoya@gmail.com', 'Sarmiento 1138', 118, 1),
(553, '13266449', 'Emiliano', 'Aguirre', '0385975498', 'eaguirre@live.com.ar', 'Alsina 3837', 83, 1),
(554, '20747263', 'Dolores', 'Ríos', '0299265270', 'drios@outlook.com', 'Perú 2348', 91, 1),
(555, '29965338', 'Hernán', 'Campos', '0364832980', 'campos.hernan@fibertel.com.ar', 'Corrientes 6707', 73, 1),
(556, '41072703', 'Joel', 'Pereyra', '0341725119', 'jpereyra@speedy.com.ar', 'Humberto 1° 4760', 83, 1),
(557, '36806800', 'Silvina', 'Cardozo', '0362769981', 'silvina425@yahoo.com.ar', 'Las Heras 1068 Dpto B', 30, 1),
(558, '29850606', 'Gonzalo', 'Giménez', '0345750403', 'gimenez.gonzalo@fibertel.com.ar', 'Córdoba 7890', 41, 1),
(559, '25918069', 'Esteban', 'Cortez', '0297436596', 'estebancortez@yahoo.com.ar', 'Estados Unidos 5592', 70, 1),
(560, '33707040', 'Cristina', 'Rojas', '0345920594', 'c.rojas@icloud.com', 'Chacabuco 774', 49, 1),
(561, '31527673', 'Valeria', 'Arias', '0372726016', 'varias@icloud.com', 'Formosa 9492 Dpto C', 105, 1),
(562, '30100163', 'Sofía', 'Uribe', '0343093752', 's.uribe@icloud.com', 'Avellaneda 5843', 3, 1),
(563, '38407267', 'Romina', 'Sánchez', '0362084846', 'romina368@outlook.com', 'Godoy Cruz 2667 Piso 2 Dpto D', 10, 1),
(564, '19893350', 'Diego', 'Cortez', '0372374677', 'diegocortez@yahoo.com.ar', 'Misiones 3173 Dpto B', 58, 1),
(565, '20727966', 'Octavio', 'Herrera', '0351765017', 'herrera.octavio@arnet.com.ar', 'Misiones 7729', 77, 1),
(566, '41070511', 'Facundo', 'Pérez', '0346775171', 'facundo.perez@arnet.com.ar', 'Estados Unidos 5174', 68, 1),
(567, '23899800', 'Marcela', 'Gallardo', '0351980812', 'm.gallardo@fibertel.com.ar', 'Estados Unidos 6364 Piso 10 Dpto H', 117, 1),
(568, '10216894', 'Laura', 'Ibáñez', '0291910671', 'ibanez.laura@speedy.com.ar', 'Perón 2493', 108, 1),
(569, '35075070', 'Guillermo', 'Delgado', '0223385709', 'gdelgado@gmail.com', 'La Rioja 1268', 30, 1),
(570, '44962249', 'Francisco', 'Luna', '0388819577', 'francisco.luna@hotmail.com', 'Piedras 758', 120, 1),
(571, '18709222', 'Jesús', 'Cortez', '0261030256', 'cortez.jesus@hotmail.com.ar', 'Catamarca 5056', 10, 1),
(572, '17752182', 'Santiago', 'Ibáñez', '0343444991', 's.ibanez@hotmail.com', 'Perón 8173 Piso 5 Dpto H', 63, 1),
(573, '36452471', 'Andrés', 'Castillo', '0374818033', 'andrescastillo@speedy.com.ar', 'San Juan 3949', 33, 1),
(574, '37574364', 'Octavio', 'Campos', '0374629665', 'octaviocampos@hotmail.com.ar', 'Martín García 3509 Piso 6 Dpto F', 18, 1),
(575, '12170012', 'Lorena', 'Díaz', '0381332674', 'lorena861@hotmail.com.ar', 'Chubut 4088', 45, 1),
(576, '44940264', 'Yamila', 'Ibáñez', '02944089425', 'yibanez@speedy.com.ar', 'Estados Unidos 3265', 4, 1),
(577, '24020682', 'Vanesa', 'Flores', '0385343617', 'vanesa.flores85@outlook.com', 'Misiones 4351', 16, 1),
(578, '20097529', 'Víctor', 'Domínguez', '0385014773', 'victor.dominguez@gmail.com', '9 de Julio 313 Piso 2 Dpto G', 87, 1),
(579, '13757566', 'Evangelina', 'Arias', '0261228612', 'evangelina336@hotmail.com', 'Perón 2903 Dpto H', 75, 1),
(580, '11440630', 'Mauricio', 'Orellana', '0341082908', 'mauricioorellana@hotmail.com', 'San Martín 6986', 69, 1),
(581, '43263243', 'Lisandro', 'Luna', '02966362294', 'lisandroluna@gmail.com', '25 de Mayo 9760', 19, 1),
(582, '31735004', 'Carlos', 'González', '0358925842', 'gonzalez.carlos@fibertel.com.ar', 'Chubut 9115 Dpto C', 17, 1),
(583, '21361533', 'Pablo', 'Gómez', '0372515861', 'pablo458@outlook.com', 'Bolívar 4804 Dpto E', 36, 1),
(584, '29140430', 'Silvia', 'Villalba', '0376749057', 's.villalba@hotmail.com.ar', 'Perú 1558', 41, 1),
(585, '34994407', 'Gonzalo', 'Gallardo', '0223712478', 'gonzalo.gallardo@yahoo.com.ar', 'Viamonte 4473', 86, 1),
(586, '39802472', 'Eduardo', 'Silva', '0358261200', 'eduardo571@outlook.com', 'Roca 6177', 49, 1),
(587, '10583150', 'Karina', 'Ramos', '0291587774', 'kramos@gmail.com', 'Independencia 4898 Dpto D', 52, 1),
(588, '19994077', 'Osvaldo', 'Muñoz', '0345777505', 'o.munoz@arnet.com.ar', 'Brasil 3071', 102, 1),
(589, '26644993', 'Lisandro', 'Bravo', '0376397802', 'lbravo@speedy.com.ar', 'Carlos Calvo 3870', 98, 1),
(590, '32436984', 'Leonardo', 'Navarro', '0221654334', 'l.navarro@speedy.com.ar', 'Reconquista 8961', 50, 1),
(591, '24094146', 'Jonathan', 'Muñoz', '0116284058', 'jonathan66@fibertel.com.ar', 'Dorrego 6284 Dpto G', 94, 1),
(592, '19841085', 'Vanesa', 'Salinas', '0346555767', 'vanesa.salinas20@speedy.com.ar', 'Salta 9906 Piso 5 Dpto A', 77, 1),
(593, '21857959', 'Norma', 'Cardozo', '02944149915', 'norma.cardozo11@hotmail.com', 'Chacabuco 2842 Dpto B', 13, 1),
(594, '13840732', 'Evangelina', 'Lagos', '0387892723', 'lagos.evangelina@yahoo.com.ar', 'Independencia 1263', 115, 1),
(595, '16434546', 'Ignacio', 'Barrios', '0372587011', 'barrios.ignacio@outlook.com', 'Cochabamba 1529', 52, 1),
(596, '23369622', 'Roberto', 'Ibáñez', '0110145534', 'robertoibanez@gmail.com', 'Caseros 1320', 43, 1),
(597, '42621686', 'Tomás', 'Juárez', '0345372244', 'tjuarez@gmail.com', 'Las Heras 8176 Dpto B', 58, 1),
(598, '42341973', 'Gastón', 'Castillo', '0343623219', 'gcastillo@outlook.com', 'Martín García 3469', 36, 1),
(599, '21623618', 'Benicio', 'Quiroga', '02966710191', 'quiroga.benicio@fibertel.com.ar', 'Solís 5224 Piso 10 Dpto F', 118, 1),
(600, '26449325', 'Daiana', 'Mansilla', '0346047500', 'daianamansilla@speedy.com.ar', 'Cochabamba 319', 79, 1),
(601, '31196826', 'Soledad', 'Ruiz', '0372520991', 'ruiz.soledad@hotmail.com.ar', 'Córdoba 5087', 54, 1),
(602, '15768290', 'Noelia', 'Domínguez', '02944108357', 'n.dominguez@gmail.com', 'Dorrego 7339', 47, 1),
(603, '16158517', 'Yamila', 'Prado', '0381473585', 'prado.yamila@outlook.com', 'Roca 9088', 115, 1),
(604, '25299807', 'Yamila', 'Delgado', '0372557348', 'yamila.delgado@outlook.com', 'Estados Unidos 8514', 26, 1),
(605, '25769426', 'Alejandra', 'Barrios', '0345154340', 'alejandra266@gmail.com', 'Carlos Calvo 683 Piso 7 Dpto D', 106, 1),
(606, '32831867', 'Analía', 'Toledo', '0387397820', 'a.toledo@speedy.com.ar', 'Cochabamba 1351 Dpto D', 14, 1),
(607, '41548306', 'Federico', 'Pizarro', '0385057983', 'f.pizarro@speedy.com.ar', 'Chacabuco 7400 Dpto E', 61, 1),
(608, '11953704', 'Ingrid', 'Ortiz', '0223101835', 'ingrid275@hotmail.com.ar', 'Estados Unidos 5671 Piso 8 Dpto B', 17, 1),
(609, '34649126', 'Benicio', 'Vera', '0388178748', 'benicio.vera@gmail.com', 'Chacabuco 7495 Dpto H', 57, 1),
(610, '19714510', 'Luis', 'Castro', '0261034753', 'luis.castro3@yahoo.com.ar', 'Jujuy 9826 Dpto E', 79, 1),
(611, '15826289', 'Florencia', 'Pereyra', '0388838060', 'pereyra.florencia@hotmail.com', 'Humberto 1° 2467 Piso 9 Dpto D', 104, 1),
(612, '28215270', 'Jonathan', 'Hernández', '0261887378', 'j.hernandez@hotmail.com', 'Las Heras 5041 Dpto D', 119, 1),
(613, '14848383', 'Damián', 'Campos', '0299529223', 'd.campos@gmail.com', 'Lima 9849', 120, 1),
(614, '32903155', 'Iván', 'Ojeda', '0346501784', 'ojeda.ivan@yahoo.com.ar', 'Cochabamba 5465', 115, 1),
(615, '22670806', 'Brenda', 'Cáceres', '0346338263', 'brenda42@gmail.com', 'Viamonte 8217', 100, 1),
(616, '32763646', 'Francisco', 'Vega', '0119898755', 'francisco.vega96@hotmail.com.ar', 'Tucumán 8264', 68, 1),
(617, '36506998', 'Eva', 'Bustos', '0346579105', 'eva227@fibertel.com.ar', 'Brasil 8642 Dpto G', 3, 1),
(618, '34677855', 'Patricio', 'Campos', '0370476694', 'patricio.campos90@speedy.com.ar', 'Martín García 8495', 103, 1),
(619, '18137501', 'Eliana', 'Leal', '02944939600', 'e.leal@live.com.ar', 'Dorrego 9882', 23, 1),
(620, '24344797', 'Paula', 'Fernández', '0343187578', 'fernandez.paula@icloud.com', 'San Luis 8952', 117, 1),
(621, '16274881', 'David', 'Navarro', '0362546272', 'dnavarro@hotmail.com.ar', 'San Juan 6745', 51, 1),
(622, '42823444', 'Francisco', 'Calderón', '02966645564', 'franciscocalderon@arnet.com.ar', 'Formosa 5509', 14, 1),
(623, '43464794', 'Ivana', 'Arias', '02944913601', 'ivana.arias56@fibertel.com.ar', 'Junín 9855 Dpto C', 98, 1),
(624, '43717505', 'Luis', 'Blanco', '0381364680', 'luis.blanco@hotmail.com.ar', 'Perón 9306 Piso 9 Dpto B', 107, 1),
(625, '34906528', 'Leandro', 'Ibáñez', '0388416062', 'leandro.ibanez@icloud.com', 'Jujuy 7054', 45, 1),
(626, '35435485', 'Stella', 'Medina', '0118719790', 'stella586@arnet.com.ar', 'Estados Unidos 9546', 110, 1),
(627, '37809721', 'Silvia', 'Leiva', '0351234147', 's.leiva@hotmail.com', 'San Juan 3953', 13, 1),
(628, '35537770', 'Susana', 'Rojas', '0370549765', 'susana285@hotmail.com', 'Necochea 2482 Piso 7 Dpto D', 41, 1),
(629, '21961818', 'José', 'Duarte', '0341528595', 'jose153@arnet.com.ar', 'Corrientes 765 Dpto D', 72, 1),
(630, '42000780', 'Beatriz', 'Segura', '0343086981', 'beatriz229@fibertel.com.ar', 'Reconquista 8205', 67, 1),
(631, '21297276', 'Kevin', 'Ríos', '0388607412', 'kevin.rios53@hotmail.com.ar', 'Balcarce 7264 Piso 6 Dpto E', 83, 1),
(632, '21101100', 'Axel', 'Ruiz', '0346571743', 'axel.ruiz@hotmail.com.ar', 'Humberto 1° 5201 Dpto H', 91, 1),
(633, '40417246', 'Daniela', 'Medina', '0396546531', 'dmedina@live.com.ar', 'Junín 3556 Piso 6 Dpto F', 88, 1),
(634, '40598481', 'Rafael', 'Alonso', '0358796106', 'ralonso@hotmail.com', 'Caseros 9029', 110, 1),
(635, '33898000', 'Bruno', 'Zamora', '0345543311', 'zamora.bruno@icloud.com', 'Necochea 8403 Dpto B', 98, 1),
(636, '25896088', 'Ramiro', 'Cabrera', '0370134192', 'cabrera.ramiro@icloud.com', 'Roca 9248', 102, 1),
(637, '37557965', 'Yamila', 'Mena', '0297403304', 'yamilamena@outlook.com', 'Rivadavia 5413', 108, 1),
(638, '34383123', 'Daniel', 'Mendoza', '0376179786', 'daniel.mendoza@outlook.com', 'Reconquista 9787', 24, 1),
(639, '32837872', 'Leticia', 'Trujillo', '02944855425', 'ltrujillo@fibertel.com.ar', 'Chubut 9935', 2, 1),
(640, '36404535', 'Sofía', 'Bustos', '0346840131', 'sofiabustos@live.com.ar', 'Humberto 1° 1500 Piso 6 Dpto H', 7, 1),
(641, '37019215', 'Marisol', 'Juárez', '0380614679', 'juarez.marisol@hotmail.com', 'Cochabamba 6679 Piso 7 Dpto C', 47, 1),
(642, '31115936', 'Erik', 'Cortez', '0376666654', 'cortez.erik@outlook.com', 'Lavalle 1309', 30, 1),
(643, '18001060', 'Roberto', 'Ibarra', '0261385369', 'r.ibarra@icloud.com', 'Mitre 610 Dpto H', 88, 1),
(644, '24461947', 'Fermín', 'Acosta', '0380135814', 'ferminacosta@fibertel.com.ar', 'Misiones 7625 Piso 5 Dpto F', 92, 1),
(645, '20564307', 'Norma', 'Ruiz', '0358712170', 'ruiz.norma@speedy.com.ar', 'Mendoza 2450 Dpto F', 48, 1),
(646, '30624480', 'Jorge', 'Cardozo', '0297016921', 'j.cardozo@yahoo.com.ar', 'Alsina 908', 31, 1),
(647, '28399179', 'Claudio', 'Mendoza', '02944012261', 'claudio.mendoza@fibertel.com.ar', 'Mendoza 9984 Dpto B', 108, 1),
(648, '42765068', 'Damián', 'Sánchez', '0117277719', 'damian821@hotmail.com', 'Brasil 8360 Piso 5 Dpto B', 44, 1),
(649, '44241550', 'Patricia', 'Aguilar', '0345693505', 'aguilar.patricia@live.com.ar', 'Cevallos 8387 Piso 9 Dpto C', 101, 1),
(650, '41704006', 'Fernando', 'Ponce', '0223084810', 'fernando553@gmail.com', 'Vélez Sársfield 4984 Dpto D', 80, 1),
(651, '37899124', 'Luisa', 'Uribe', '0343301592', 'l.uribe@outlook.com', 'Jujuy 9105 Piso 3 Dpto E', 50, 1),
(652, '21933312', 'Emiliano', 'Salinas', '0221839533', 'emilianosalinas@icloud.com', 'Avellaneda 6513 Piso 1 Dpto B', 59, 1),
(653, '22647232', 'Beatriz', 'Delgado', '0297776252', 'beatriz.delgado@hotmail.com', 'Necochea 3596 Dpto B', 49, 1),
(654, '41888559', 'Hernán', 'Trujillo', '0299304708', 'hernan12@outlook.com', 'Santa Fe 3284', 4, 1),
(655, '42375967', 'Lisandro', 'Lagos', '0380722786', 'lisandrolagos@speedy.com.ar', 'Balcarce 8594', 70, 1),
(656, '43820743', 'Claudio', 'Ávila', '0351020791', 'avila.claudio@yahoo.com.ar', 'Jujuy 8849 Piso 1 Dpto E', 19, 1),
(657, '39847339', 'Leandro', 'Espinoza', '0291366023', 'leandroespinoza@gmail.com', 'Balcarce 3464', 92, 1),
(658, '26072355', 'Ingrid', 'Ojeda', '0387070953', 'ingrid.ojeda@arnet.com.ar', 'Roca 9400', 68, 1),
(659, '16809781', 'Rodrigo', 'Calderón', '0345883634', 'rodrigo.calderon89@icloud.com', 'Neuquén 5494', 32, 1),
(660, '16122754', 'Rodrigo', 'Miranda', '0362548866', 'r.miranda@gmail.com', 'Junín 4646', 52, 1),
(661, '28682912', 'Francisco', 'Alonso', '0372701256', 'franciscoalonso@arnet.com.ar', 'Libertad 5062 Dpto A', 54, 1),
(662, '37114251', 'Daniel', 'Ramírez', '0358190352', 'd.ramirez@hotmail.com.ar', 'Necochea 5734 Piso 9 Dpto H', 46, 1),
(663, '27493445', 'Luisa', 'Ramírez', '0221414470', 'ramirez.luisa@speedy.com.ar', 'Formosa 3534 Dpto A', 46, 1),
(664, '18954269', 'Alexis', 'Pizarro', '0351156639', 'alexispizarro@gmail.com', 'Hipólito Yrigoyen 736 Piso 6 Dpto A', 101, 1),
(665, '34463660', 'Noelia', 'Segura', '0297139976', 'nsegura@yahoo.com.ar', 'Garay 2972', 82, 1),
(666, '44840058', 'Claudia', 'Andrada', '0261423567', 'claudia.andrada@yahoo.com.ar', 'San Juan 5050 Dpto D', 85, 1),
(667, '20276810', 'Noelia', 'Cardozo', '0388789409', 'n.cardozo@hotmail.com', 'Viamonte 5093 Dpto A', 68, 1),
(668, '36234125', 'Lorena', 'Prieto', '0346991377', 'lorena.prieto@gmail.com', 'Entre Ríos 3869 Piso 8 Dpto G', 11, 1),
(669, '22895108', 'Guadalupe', 'Ferreyra', '0343842036', 'guadalupe.ferreyra@fibertel.com.ar', 'Estados Unidos 316', 104, 1),
(670, '15059420', 'Rodrigo', 'Ríos', '0261289616', 'rodrigo.rios@arnet.com.ar', 'San Juan 413', 70, 1),
(671, '16539741', 'Alejandro', 'Torres', '0343875900', 'alejandrotorres@speedy.com.ar', 'Perú 2274', 94, 1),
(672, '15381644', 'Dylan', 'Romero', '0380270731', 'dylan.romero85@live.com.ar', 'Junín 6838 Dpto E', 10, 1),
(673, '29602666', 'Jessica', 'Torres', '0376829350', 'j.torres@arnet.com.ar', 'Catamarca 6426', 91, 1),
(674, '13223013', 'David', 'Zerda', '0376162946', 'david200@hotmail.com.ar', 'La Rioja 5993', 13, 1),
(675, '10141939', 'Paula', 'Bustos', '0291132504', 'paula.bustos90@hotmail.com', 'Brandsen 7273 Dpto H', 25, 1),
(676, '18757961', 'Esteban', 'Quiroga', '0374369373', 'e.quiroga@icloud.com', 'Piedras 7861 Piso 3 Dpto H', 3, 1),
(677, '10169806', 'Jessica', 'Orellana', '0221844579', 'jessica.orellana49@speedy.com.ar', 'Caseros 2343', 116, 1),
(678, '19599252', 'Ramiro', 'Nieto', '0223679251', 'rnieto@live.com.ar', 'Las Heras 1031', 97, 1),
(679, '26801322', 'Lorena', 'Torres', '0343733891', 'ltorres@icloud.com', 'Alsina 4507 Piso 1 Dpto A', 46, 1),
(680, '26527275', 'Yamila', 'Uribe', '0374056043', 'yamilauribe@speedy.com.ar', 'Junín 4370', 30, 1),
(681, '27977988', 'Milagros', 'Godoy', '0299576600', 'mgodoy@outlook.com', 'Mendoza 5644', 107, 1),
(682, '39848337', 'Christian', 'Correa', '0358010280', 'correa.christian@outlook.com', 'Catamarca 9775', 34, 1),
(683, '30285638', 'Benicio', 'Domínguez', '0370620893', 'dominguez.benicio@hotmail.com', 'Tucumán 3466', 51, 1),
(684, '25940990', 'Lorena', 'Silva', '0380231140', 'lorena.silva99@yahoo.com.ar', 'Junín 3811', 22, 1),
(685, '20622317', 'Ricardo', 'Serrano', '0341953141', 'r.serrano@live.com.ar', 'San Juan 531', 85, 1),
(686, '28121122', 'Facundo', 'Cortez', '0376067540', 'facundo.cortez@yahoo.com.ar', 'San Martín 3070', 83, 1),
(687, '33971973', 'Horacio', 'Ferreyra', '0261035324', 'ferreyra.horacio@speedy.com.ar', 'Garay 7841 Dpto D', 94, 1),
(688, '13299179', 'Noelia', 'Juárez', '0358545428', 'noelia.juarez@speedy.com.ar', 'Godoy Cruz 2102 Piso 7 Dpto A', 61, 1),
(689, '31618773', 'Fernando', 'Beltrán', '0223232951', 'f.beltran@hotmail.com', 'La Rioja 1906 Dpto C', 98, 1),
(690, '24742474', 'Soledad', 'Prieto', '0346276722', 's.prieto@hotmail.com', 'Lima 5089 Dpto B', 55, 1),
(691, '24298350', 'Hernán', 'Gómez', '0261204732', 'h.gomez@speedy.com.ar', 'Lima 8018 Piso 2 Dpto E', 109, 1),
(692, '24735247', 'Dylan', 'Miranda', '02944232319', 'dylan.miranda98@fibertel.com.ar', 'Corrientes 5604', 83, 1),
(693, '26934918', 'Matías', 'Uribe', '0376803716', 'matias.uribe@hotmail.com.ar', 'Piedras 6049', 47, 1),
(694, '13020979', 'Maximiliano', 'Gómez', '0380418588', 'maximiliano.gomez25@hotmail.com.ar', 'Brandsen 6590 Dpto B', 47, 1),
(695, '37978934', 'Hugo', 'Fernández', '0364100177', 'hfernandez@speedy.com.ar', 'Independencia 2288', 78, 1),
(696, '30253206', 'Daiana', 'Andrada', '0376512680', 'daiana.andrada52@hotmail.com', 'Alsina 5681', 65, 1),
(697, '36299229', 'Guillermo', 'Bustos', '0362140817', 'guillermo.bustos14@outlook.com', 'Roca 6889', 50, 1),
(698, '35849827', 'Jorge', 'Sánchez', '0388143804', 'j.sanchez@gmail.com', 'Tucumán 8400 Dpto B', 81, 1),
(699, '25036894', 'Carlos', 'Díaz', '0343835693', 'cdiaz@gmail.com', 'Belgrano 3859 Piso 3 Dpto A', 98, 1),
(700, '22285347', 'Guadalupe', 'Juárez', '0388620895', 'guadalupe.juarez80@gmail.com', 'Humberto 1° 6637', 71, 1),
(701, '29586361', 'David', 'Núñez', '02966761863', 'david.nunez90@icloud.com', 'Reconquista 8893', 43, 1),
(702, '28008432', 'Nadia', 'Prado', '0341574639', 'nadia.prado@icloud.com', 'Chacabuco 8998', 113, 1),
(703, '11344055', 'Esteban', 'Zamora', '02966902207', 'esteban.zamora44@arnet.com.ar', 'Santiago del Estero 6400', 9, 1),
(704, '20332173', 'Brenda', 'Ávila', '0396678759', 'avila.brenda@icloud.com', 'Florida 3763 Dpto E', 50, 1),
(705, '13537351', 'Hernán', 'Vera', '0376462971', 'vera.hernan@arnet.com.ar', 'Las Heras 2685', 19, 1),
(706, '11751497', 'Damián', 'Giménez', '0358830999', 'dgimenez@icloud.com', 'Catamarca 5200 Piso 10 Dpto H', 119, 1),
(707, '35955318', 'Claudio', 'Domínguez', '0370037389', 'claudio.dominguez@hotmail.com.ar', 'Caseros 3966', 119, 1),
(708, '34051408', 'Julián', 'Trujillo', '0362585776', 'julian.trujillo65@live.com.ar', 'Cevallos 6269 Piso 3 Dpto C', 21, 1),
(709, '34891324', 'Brian', 'Díaz', '0387622957', 'brian.diaz@live.com.ar', '25 de Mayo 4355', 97, 1),
(710, '26522991', 'Lucas', 'Prado', '0358453712', 'lucas.prado85@yahoo.com.ar', 'Sarmiento 9631 Piso 8 Dpto G', 65, 1),
(711, '37402094', 'Romina', 'Cruz', '0114091091', 'rcruz@hotmail.com', 'Carlos Calvo 9288 Piso 7 Dpto H', 106, 1),
(712, '40658425', 'Francisco', 'Vera', '02944937719', 'franciscovera@outlook.com', 'Perú 1211 Piso 4 Dpto F', 78, 1),
(713, '13506821', 'Diana', 'Palma', '0297699123', 'dianapalma@live.com.ar', 'Florida 5688 Piso 8 Dpto C', 102, 1),
(714, '33819440', 'Valentín', 'Zamora', '0362447283', 'valentin.zamora@hotmail.com', 'Lavalle 1109', 101, 1),
(715, '15163307', 'Alexis', 'Zamora', '0346853829', 'alexis.zamora57@icloud.com', 'Florida 9888', 7, 1),
(716, '14545596', 'Dylan', 'Nieto', '0376615305', 'd.nieto@speedy.com.ar', 'Avellaneda 9066 Piso 5 Dpto F', 77, 1),
(717, '30623489', 'Valeria', 'Martínez', '0372148587', 'martinez.valeria@fibertel.com.ar', 'Brasil 3463 Piso 3 Dpto C', 32, 1),
(718, '27199447', 'Milagros', 'Paredes', '0388178610', 'milagros.paredes85@speedy.com.ar', 'Las Heras 9597 Dpto A', 120, 1),
(719, '19377143', 'Osvaldo', 'López', '0358618359', 'lopez.osvaldo@hotmail.com', 'Formosa 7677', 64, 1),
(720, '12156374', 'Esteban', 'Palma', '0221434576', 'esteban.palma2@fibertel.com.ar', 'Entre Ríos 113', 63, 1),
(721, '35385180', 'Ayelén', 'Ramos', '0364497058', 'a.ramos@live.com.ar', 'Bolívar 7912 Piso 6 Dpto G', 69, 1),
(722, '42765760', 'Sebastián', 'Morales', '0387709269', 'morales.sebastian@speedy.com.ar', 'Chubut 9221 Piso 10 Dpto G', 14, 1),
(723, '43705606', 'Luna', 'Morales', '0345985754', 'lunamorales@speedy.com.ar', 'Salta 4072', 75, 1),
(724, '40388196', 'Marisol', 'Orellana', '0380876795', 'orellana.marisol@hotmail.com', 'San Martín 4152', 102, 1),
(725, '29062665', 'Valeria', 'Leal', '0223823512', 'vleal@yahoo.com.ar', 'Hipólito Yrigoyen 9344', 18, 1),
(726, '10084440', 'Stella', 'Beltrán', '0297823883', 's.beltran@hotmail.com', 'Lima 4544', 21, 1),
(727, '44570415', 'Bruno', 'Gómez', '02944319658', 'bruno.gomez@speedy.com.ar', 'Reconquista 2077', 3, 1),
(728, '36484307', 'Luisa', 'Montoya', '0358617076', 'luisa18@live.com.ar', 'Neuquén 8828', 69, 1),
(729, '44471905', 'Eugenia', 'Rolón', '0376654767', 'eugenia144@outlook.com', 'Roca 4084', 66, 1),
(730, '16030619', 'Rubén', 'Nieto', '0343622510', 'rnieto@hotmail.com', 'Formosa 5626 Piso 7 Dpto H', 41, 1),
(731, '16877612', 'Alejandro', 'Núñez', '0387114687', 'alejandro275@gmail.com', 'Estados Unidos 5212', 79, 1),
(732, '20975354', 'Verónica', 'Andrada', '0387842387', 'veronica.andrada@icloud.com', 'Formosa 3942', 49, 1),
(733, '44769901', 'Lucas', 'Juárez', '0358099660', 'ljuarez@speedy.com.ar', 'Córdoba 5944 Dpto D', 61, 1),
(734, '36760586', 'Claudio', 'Toledo', '0221572160', 'toledo.claudio@icloud.com', 'Brasil 5219', 39, 1),
(735, '22156584', 'Roberto', 'Gómez', '0223639997', 'r.gomez@outlook.com', 'Dorrego 6991', 1, 1),
(736, '28842283', 'Erik', 'Moreno', '0396349370', 'erik324@gmail.com', 'Cevallos 4806', 82, 1),
(737, '37884474', 'Micaela', 'Núñez', '0364604871', 'nunez.micaela@speedy.com.ar', 'Balcarce 2352', 12, 1),
(738, '15636429', 'Gastón', 'Suárez', '0341759641', 'gastonsuarez@hotmail.com.ar', '9 de Julio 8884 Piso 5 Dpto D', 31, 1),
(739, '37805468', 'Nicolás', 'Fernández', '02966416250', 'nfernandez@fibertel.com.ar', 'Roca 2157', 49, 1),
(740, '19927748', 'Pablo', 'Ramos', '0383374193', 'pablo620@gmail.com', '9 de Julio 5739 Dpto E', 77, 1),
(741, '10127877', 'Sergio', 'Andrada', '0385095251', 's.andrada@speedy.com.ar', 'Vélez Sársfield 569 Dpto H', 16, 1),
(742, '16493742', 'Alexis', 'Mendoza', '0374969806', 'alexis.mendoza@icloud.com', 'Garay 7000', 114, 1),
(743, '40498803', 'Victoria', 'Vargas', '0291284568', 'victoria677@hotmail.com', 'Mendoza 1239', 80, 1),
(744, '29688776', 'Mauricio', 'Núñez', '0221775969', 'mauricio.nunez25@yahoo.com.ar', 'Garay 3108', 79, 1),
(745, '14553079', 'Julieta', 'Prado', '0381970707', 'julieta.prado@live.com.ar', 'San Juan 8274', 10, 1),
(746, '41891776', 'Rosario', 'Ponce', '0364006234', 'rponce@hotmail.com.ar', 'Chacabuco 9380', 84, 1),
(747, '39253134', 'Silvia', 'Rodríguez', '0299934209', 'silviarodriguez@icloud.com', 'Mitre 660', 117, 1),
(748, '40489230', 'Lorena', 'Giménez', '0381277771', 'lorena.gimenez@live.com.ar', 'Martín García 1636', 115, 1),
(749, '19469537', 'Gustavo', 'Miranda', '0383467179', 'gustavomiranda@arnet.com.ar', 'Balcarce 4356 Dpto F', 68, 1),
(750, '15238996', 'Nadia', 'Ramos', '0221693815', 'ramos.nadia@gmail.com', 'Florida 7354', 99, 1),
(751, '41163447', 'Agustín', 'Quiroga', '0345050273', 'quiroga.agustin@speedy.com.ar', 'Reconquista 4264 Piso 9 Dpto E', 39, 1),
(752, '24830689', 'Alejandra', 'Ortiz', '0376644590', 'ortiz.alejandra@arnet.com.ar', 'Garay 7727', 75, 1),
(753, '12163000', 'Daniela', 'Beltrán', '0374703707', 'danielabeltran@arnet.com.ar', 'Solís 7927 Piso 10 Dpto H', 81, 1),
(754, '34786393', 'Joaquín', 'Gómez', '0374197436', 'joaquin182@fibertel.com.ar', 'Chubut 8708', 62, 1),
(755, '12613445', 'Nora', 'Juárez', '0383597945', 'nora.juarez@hotmail.com', 'Sarmiento 6188', 86, 1),
(756, '20982289', 'Ignacio', 'Palma', '02966532462', 'ignacio410@live.com.ar', 'Roca 5593', 120, 1),
(757, '25883765', 'Mariana', 'Franco', '0376468322', 'm.franco@hotmail.com', 'Mitre 4867', 118, 1),
(758, '14798592', 'Carla', 'Vega', '0374263299', 'vega.carla@icloud.com', 'Alsina 9691 Dpto A', 82, 1),
(759, '31823083', 'Liliana', 'Montoya', '0387779902', 'liliana.montoya15@hotmail.com.ar', 'Cochabamba 1087 Piso 4 Dpto G', 114, 1),
(760, '29844762', 'Vanesa', 'Toledo', '0115623592', 'toledo.vanesa@live.com.ar', 'Cevallos 4282', 61, 1),
(761, '32692579', 'Débora', 'Palma', '0380171529', 'deborapalma@icloud.com', 'Balcarce 5812 Dpto D', 76, 1),
(762, '42666362', 'Alexis', 'Uribe', '0358975712', 'auribe@hotmail.com.ar', 'Neuquén 1615', 11, 1),
(763, '32960137', 'Agustina', 'Juárez', '0345600386', 'ajuarez@arnet.com.ar', 'Estados Unidos 747 Piso 2 Dpto G', 5, 1),
(764, '35689591', 'Sofía', 'Castillo', '0117130317', 'castillo.sofia@hotmail.com.ar', 'Chacabuco 9362 Dpto D', 15, 1),
(765, '44954770', 'Thiago', 'González', '0221602047', 't.gonzalez@live.com.ar', 'Balcarce 4423', 114, 1),
(766, '14460572', 'Sergio', 'Rojas', '0372507382', 's.rojas@outlook.com', 'Salta 3302', 96, 1),
(767, '10653566', 'Patricio', 'Domínguez', '0374337926', 'dominguez.patricio@gmail.com', 'Jujuy 9159', 74, 1),
(768, '27580135', 'Julián', 'Ibáñez', '0374633358', 'jibanez@outlook.com', 'Cevallos 2907 Dpto F', 101, 1),
(769, '44416453', 'Alejandra', 'Alonso', '0372343148', 'a.alonso@hotmail.com', 'Tucumán 2486', 47, 1),
(770, '42413769', 'Claudio', 'Cortez', '0117726981', 'cortez.claudio@gmail.com', 'Córdoba 6320', 83, 1),
(771, '14297072', 'Esteban', 'Giménez', '02966800442', 'e.gimenez@arnet.com.ar', 'Córdoba 8228', 90, 1),
(772, '39624250', 'Damián', 'Ríos', '0119913388', 'damian.rios38@outlook.com', 'Río Negro 5650 Dpto D', 70, 1),
(773, '19154728', 'Ricardo', 'Mendoza', '0261364031', 'mendoza.ricardo@outlook.com', 'Lavalle 1764 Piso 7 Dpto F', 55, 1),
(774, '25133987', 'Natalia', 'Cruz', '0291948207', 'n.cruz@hotmail.com.ar', 'Estados Unidos 6534', 38, 1),
(775, '16687562', 'Tomás', 'Prieto', '0381437419', 'tomas692@yahoo.com.ar', 'Perón 7853 Dpto G', 91, 1),
(776, '27530943', 'Emilia', 'Domínguez', '0221267532', 'emilia.dominguez@fibertel.com.ar', 'Cochabamba 4580 Dpto G', 103, 1),
(777, '15096368', 'Jorge', 'Villalba', '0341633154', 'jorge.villalba55@hotmail.com.ar', 'Santa Fe 4773', 2, 1),
(778, '23637919', 'Carlos', 'Juárez', '0345477655', 'carlos.juarez7@arnet.com.ar', 'Cevallos 1659 Piso 6 Dpto B', 110, 1),
(779, '18777678', 'Silvina', 'Zerda', '0385264078', 'silvinazerda@icloud.com', 'Cochabamba 4716 Piso 2 Dpto B', 15, 1),
(780, '25989543', 'Agustín', 'Domínguez', '0364237547', 'agustindominguez@live.com.ar', 'Entre Ríos 4109 Piso 10 Dpto D', 113, 1),
(781, '42553501', 'Pedro', 'Sosa', '0297837187', 'pedro192@arnet.com.ar', 'Lavalle 6592 Dpto B', 57, 1),
(782, '29662603', 'Brenda', 'Serrano', '02966111371', 'brenda.serrano56@fibertel.com.ar', 'Las Heras 4225 Piso 10 Dpto G', 81, 1),
(783, '18313083', 'Lucía', 'Orellana', '0376012551', 'lucia.orellana37@hotmail.com', 'Humberto 1° 7968', 60, 1),
(784, '16837077', 'César', 'Salinas', '0299802296', 'csalinas@speedy.com.ar', 'Piedras 4460 Piso 6 Dpto F', 16, 1),
(785, '36944808', 'Graciela', 'Ortiz', '0116422076', 'graciela901@gmail.com', 'Defensa 5730 Piso 6 Dpto C', 97, 1),
(786, '13706104', 'Jimena', 'Correa', '0297959130', 'jimena.correa@live.com.ar', 'Río Negro 1793', 108, 1),
(787, '26926375', 'Lucrecia', 'Nieto', '0261527296', 'lucrecia.nieto@hotmail.com.ar', 'Brasil 9117', 78, 1),
(788, '22220857', 'Karina', 'Jiménez', '02966189561', 'karina.jimenez58@live.com.ar', 'Lavalle 5934 Piso 1 Dpto G', 61, 1),
(789, '17633668', 'Diego', 'Zerda', '0343595951', 'zerda.diego@icloud.com', 'Mitre 2307 Dpto B', 47, 1),
(790, '32322198', 'Eduardo', 'Ortiz', '0346047918', 'eduardoortiz@yahoo.com.ar', 'Las Heras 668', 90, 1),
(791, '27995433', 'Ingrid', 'Ibáñez', '0376205348', 'ingrid324@speedy.com.ar', 'San Juan 1818', 13, 1),
(792, '38745946', 'Néstor', 'Salinas', '0388722436', 'nestor214@hotmail.com.ar', 'Alsina 5811', 89, 1),
(793, '16316866', 'César', 'Lagos', '0387755120', 'c.lagos@fibertel.com.ar', 'Estados Unidos 4021 Piso 6 Dpto B', 108, 1),
(794, '30732710', 'Liliana', 'Blanco', '0370915687', 'lilianablanco@arnet.com.ar', '25 de Mayo 5440', 57, 1),
(795, '16645632', 'Vanesa', 'Ortiz', '0114790102', 'v.ortiz@outlook.com', 'Chubut 8416', 110, 1),
(796, '42787158', 'Stella', 'Ramos', '0387512822', 'stellaramos@icloud.com', 'Estados Unidos 6896', 9, 1),
(797, '41581392', 'Walter', 'Quiroga', '0372429282', 'walter321@gmail.com', 'Rivadavia 2950', 35, 1),
(798, '16244504', 'Stella', 'Rolón', '0362576429', 'rolon.stella@hotmail.com.ar', 'Necochea 5833', 6, 1),
(799, '29516118', 'Carlos', 'Pereyra', '0291119601', 'carlos382@live.com.ar', 'Florida 4202 Dpto F', 10, 1),
(800, '35736167', 'Sofía', 'Uribe', '0299332244', 's.uribe@yahoo.com.ar', 'San Juan 8030 Piso 2 Dpto B', 34, 1),
(801, '16212447', 'Eduardo', 'González', '0341496915', 'eduardo.gonzalez89@yahoo.com.ar', 'Florida 615', 67, 1),
(802, '13716417', 'Tamara', 'Ávila', '0345118769', 'tamara.avila78@hotmail.com', 'Cevallos 1195 Dpto B', 92, 1),
(803, '30982641', 'Gonzalo', 'Navarro', '0376913544', 'gnavarro@icloud.com', 'San Juan 6755', 79, 1),
(804, '15924622', 'Ramiro', 'Zerda', '0364398506', 'ramiro.zerda83@speedy.com.ar', 'Vélez Sársfield 9507', 101, 1),
(805, '28463492', 'Mariana', 'Borges', '0372808750', 'borges.mariana@yahoo.com.ar', 'Defensa 1380 Dpto D', 115, 1),
(806, '24559260', 'Damián', 'Morales', '0370596497', 'd.morales@speedy.com.ar', 'Roca 905', 55, 1),
(807, '41089962', 'Ayelén', 'Rolón', '0374383421', 'ayelen.rolon81@outlook.com', 'Formosa 5147', 93, 1),
(808, '36255970', 'Tomás', 'Juárez', '0223807684', 'tomas.juarez@arnet.com.ar', 'Viamonte 3723', 85, 1),
(809, '27287117', 'Yésica', 'Domínguez', '0346126532', 'yesica325@hotmail.com.ar', 'Belgrano 2029', 39, 1),
(810, '38486318', 'Mariana', 'Cruz', '0385245433', 'mariana.cruz@hotmail.com.ar', 'Bolívar 7830 Piso 2 Dpto H', 87, 1),
(811, '31967389', 'Camila', 'Miranda', '0341752235', 'cmiranda@arnet.com.ar', 'Junín 6798', 19, 1),
(812, '30787229', 'César', 'Toledo', '0374582167', 'cesartoledo@outlook.com', 'Hipólito Yrigoyen 3543', 14, 1),
(813, '23594606', 'María', 'Ruiz', '0341101088', 'maria.ruiz36@live.com.ar', 'Tucumán 4448', 108, 1),
(814, '27223870', 'Carolina', 'Segura', '0385798864', 'carolina.segura@hotmail.com', 'Las Heras 2296 Piso 5 Dpto E', 84, 1),
(815, '39438190', 'Rosario', 'Mena', '0396929104', 'rmena@outlook.com', 'Caseros 6523', 90, 1),
(816, '34928384', 'Lía', 'Pérez', '0343820799', 'perez.lia@gmail.com', 'Perú 4838 Piso 7 Dpto C', 107, 1),
(817, '41801003', 'Thiago', 'Prado', '0376764241', 'thiago.prado89@icloud.com', 'Godoy Cruz 9315 Dpto D', 54, 1),
(818, '31185626', 'Tomás', 'Romero', '0346427236', 't.romero@live.com.ar', '9 de Julio 1943', 37, 1),
(819, '20420349', 'Carla', 'Fernández', '0358923613', 'carlafernandez@outlook.com', 'Jujuy 2503', 38, 1),
(820, '10950620', 'Lisandro', 'Cardozo', '0345246631', 'lisandro432@yahoo.com.ar', 'Alsina 4474', 65, 1),
(821, '31277271', 'Leticia', 'Fernández', '0362003306', 'leticia.fernandez14@icloud.com', 'Garay 4374 Dpto F', 53, 1),
(822, '30935387', 'Brian', 'Romero', '0380352909', 'brian139@live.com.ar', '9 de Julio 1042', 1, 1),
(823, '22835479', 'Rafael', 'Aguilar', '0374889164', 'rafael132@speedy.com.ar', 'Florida 8097', 118, 1),
(824, '25108080', 'César', 'Morales', '0380392878', 'c.morales@live.com.ar', 'Córdoba 259 Dpto E', 101, 1),
(825, '33912232', 'Daniela', 'Zerda', '0341516796', 'daniela.zerda@arnet.com.ar', 'Reconquista 7810', 96, 1),
(826, '36053432', 'Andrés', 'Luna', '0297815960', 'andres.luna@speedy.com.ar', 'Florida 565 Piso 1 Dpto C', 46, 1),
(827, '17784878', 'Jonathan', 'Benítez', '0343238304', 'jonathan.benitez87@gmail.com', 'Martín García 3019', 82, 1),
(828, '11193780', 'Maximiliano', 'Cruz', '0396584776', 'm.cruz@hotmail.com.ar', 'Perú 5646', 31, 1),
(829, '21072133', 'Lisandro', 'Barrios', '0376718853', 'lbarrios@outlook.com', 'Rivadavia 8345', 75, 1),
(830, '37922932', 'David', 'Pereyra', '0387953674', 'david.pereyra29@live.com.ar', 'Solís 718 Dpto A', 15, 1),
(831, '25706374', 'Mauricio', 'Ibáñez', '0116499139', 'mibanez@hotmail.com.ar', 'Jujuy 8548', 39, 1),
(832, '18756915', 'Gabriela', 'Aguirre', '0343299457', 'g.aguirre@icloud.com', 'San Luis 3627', 60, 1),
(833, '39323567', 'Jimena', 'Pereyra', '0370897990', 'jimenapereyra@speedy.com.ar', 'Perú 3300 Piso 2 Dpto D', 112, 1),
(834, '20732618', 'Marcos', 'Rodríguez', '0381200313', 'marcosrodriguez@hotmail.com', 'Formosa 5485', 93, 1),
(835, '19878070', 'Javier', 'Vera', '0341755931', 'javier601@yahoo.com.ar', 'Jujuy 7948', 81, 1),
(836, '34958433', 'Tomás', 'Benítez', '0346599073', 'tomas.benitez46@live.com.ar', 'Roca 7317 Dpto C', 23, 1),
(837, '25983355', 'Guillermo', 'Correa', '0396276168', 'g.correa@outlook.com', 'Salta 6519', 69, 1),
(838, '33166830', 'Camila', 'Juárez', '0370911930', 'camila.juarez@yahoo.com.ar', 'Alsina 7782', 62, 1),
(839, '21877892', 'Daniel', 'Silva', '0291586912', 'daniel.silva@arnet.com.ar', 'Chubut 5871', 85, 1),
(840, '39520770', 'Juan', 'Ramos', '0362156710', 'j.ramos@fibertel.com.ar', 'Entre Ríos 5696 Dpto D', 107, 1),
(841, '44564106', 'Javier', 'Cruz', '0118032027', 'j.cruz@hotmail.com.ar', 'Chubut 6180 Dpto H', 85, 1),
(842, '20759628', 'Valeria', 'Reyes', '0376248556', 'valeria550@icloud.com', 'Rivadavia 9587', 100, 1),
(843, '36106023', 'Fermín', 'Ramos', '0396628531', 'ramos.fermin@fibertel.com.ar', 'Mitre 5938 Dpto D', 8, 1),
(844, '31310200', 'Felipe', 'Alonso', '0291613397', 'felipe.alonso@hotmail.com', 'Cochabamba 6843', 119, 1),
(845, '35658119', 'Griselda', 'Ferreyra', '0364835773', 'griselda913@yahoo.com.ar', 'Santiago del Estero 776', 108, 1),
(846, '28357167', 'Liliana', 'Aguilar', '0374630049', 'liliana.aguilar77@fibertel.com.ar', 'San Juan 590', 111, 1),
(847, '20236997', 'Valentín', 'Pizarro', '0364077240', 'valentin259@hotmail.com', 'Lavalle 5803', 115, 1),
(848, '26148750', 'Lorena', 'Moreno', '0362600483', 'lorena.moreno33@fibertel.com.ar', 'Neuquén 7487', 87, 1),
(849, '20297184', 'Iris', 'Torres', '0364837317', 'iris.torres@fibertel.com.ar', 'Perú 7144', 42, 1),
(850, '19135428', 'Gonzalo', 'Ramírez', '0341899705', 'gonzalo.ramirez@arnet.com.ar', 'Perón 3701 Dpto A', 39, 1),
(851, '34934044', 'Francisco', 'Mansilla', '0261569406', 'francisco900@yahoo.com.ar', 'San Juan 5850 Piso 4 Dpto E', 89, 1),
(852, '44634135', 'Julieta', 'Álvarez', '0113890066', 'alvarez.julieta@speedy.com.ar', 'Cochabamba 3947 Piso 7 Dpto F', 108, 1),
(853, '32847734', 'Maximiliano', 'Cardozo', '0346810074', 'maximilianocardozo@live.com.ar', 'Cevallos 2682', 117, 1),
(854, '11133157', 'Brian', 'Miranda', '0381086374', 'b.miranda@hotmail.com.ar', 'Perú 6377', 94, 1),
(855, '12358613', 'Benicio', 'Pizarro', '0299728202', 'benicio786@speedy.com.ar', 'Perú 515 Piso 4 Dpto C', 52, 1),
(856, '16747521', 'Sofía', 'Uribe', '0362812526', 'uribe.sofia@hotmail.com.ar', 'Avellaneda 772', 53, 1),
(857, '44071079', 'Hugo', 'Hernández', '0261910883', 'hugo.hernandez65@icloud.com', 'Santa Fe 4253 Piso 6 Dpto E', 107, 1),
(858, '28105451', 'Carlos', 'Miranda', '0343582488', 'cmiranda@gmail.com', '25 de Mayo 9126', 26, 1),
(859, '20352798', 'Federico', 'Muñoz', '0297554682', 'f.munoz@outlook.com', '9 de Julio 2161', 45, 1),
(860, '18053014', 'Alejandro', 'García', '0380618073', 'alejandro.garcia32@hotmail.com.ar', 'Hipólito Yrigoyen 3351 Piso 9 Dpto D', 63, 1),
(861, '37999687', 'Ricardo', 'Miranda', '0221576611', 'miranda.ricardo@gmail.com', 'Río Negro 6272', 11, 1),
(862, '44855677', 'Patricia', 'Alonso', '0345541374', 'alonso.patricia@fibertel.com.ar', 'Perú 1009', 86, 1),
(863, '44770564', 'Andrea', 'Vargas', '0261970886', 'vargas.andrea@yahoo.com.ar', 'San Juan 9230', 120, 1),
(864, '44971262', 'Gabriela', 'Gómez', '0380526308', 'g.gomez@outlook.com', 'Necochea 832', 12, 1),
(865, '15424528', 'Gabriel', 'Vargas', '0299711193', 'gabrielvargas@fibertel.com.ar', 'Carlos Calvo 9988 Piso 4 Dpto D', 37, 1),
(866, '27786775', 'Claudio', 'Calderón', '0345920951', 'claudio.calderon24@fibertel.com.ar', 'Río Negro 1625 Piso 8 Dpto H', 63, 1),
(867, '38947456', 'Juan', 'Leiva', '0388026368', 'jleiva@icloud.com', 'San Luis 4494', 40, 1),
(868, '13021684', 'Patricio', 'Godoy', '0362818283', 'patricio607@icloud.com', '9 de Julio 4532 Piso 1 Dpto D', 118, 1),
(869, '38493066', 'Miguel', 'Ávila', '0291434816', 'miguel.avila@yahoo.com.ar', 'Vélez Sársfield 8658 Dpto B', 31, 1),
(870, '15819822', 'Rosario', 'Molina', '0299801983', 'rosario.molina57@live.com.ar', 'Martín García 4042', 52, 1),
(871, '37768358', 'Emanuel', 'Toledo', '0370339629', 'emanuel.toledo@icloud.com', 'Hipólito Yrigoyen 1767 Piso 6 Dpto C', 88, 1),
(872, '16049673', 'Norma', 'Aguirre', '0261911877', 'n.aguirre@live.com.ar', 'San Juan 1175', 114, 1),
(873, '32137112', 'Nadia', 'Miranda', '0383823781', 'nmiranda@icloud.com', 'Garay 1804', 112, 1),
(874, '12796925', 'Santiago', 'Ruiz', '0380770637', 'santiagoruiz@outlook.com', 'Río Negro 772 Piso 10 Dpto E', 4, 1),
(875, '33328190', 'Sergio', 'Espinoza', '0376212327', 's.espinoza@outlook.com', 'Perú 2314', 38, 1),
(876, '33479798', 'Lisandro', 'Calderón', '0396418590', 'lisandrocalderon@yahoo.com.ar', 'Bolívar 5365', 63, 1),
(877, '39289351', 'Yésica', 'Navarro', '0387087732', 'yesicanavarro@gmail.com', 'Bolívar 7029 Dpto F', 89, 1),
(878, '36602352', 'Julieta', 'Herrera', '0383076577', 'julieta.herrera@arnet.com.ar', 'Necochea 6026', 32, 1),
(879, '21001023', 'Gonzalo', 'Ibarra', '0376079060', 'gonzalo.ibarra@icloud.com', 'Hipólito Yrigoyen 4932', 103, 1),
(880, '25776200', 'Romina', 'Pérez', '0111446582', 'romina.perez78@hotmail.com', 'San Juan 8419', 92, 1),
(881, '34152132', 'Alan', 'Juárez', '0381136791', 'juarez.alan@speedy.com.ar', 'Garay 4106 Piso 10 Dpto G', 83, 1),
(882, '38870514', 'Diego', 'Franco', '0351836787', 'd.franco@speedy.com.ar', 'Alsina 6573', 83, 1),
(883, '10100876', 'Julián', 'Álvarez', '0291820998', 'alvarez.julian@yahoo.com.ar', 'Junín 753', 25, 1),
(884, '41254357', 'Jesús', 'Castro', '0362769719', 'castro.jesus@live.com.ar', 'Roca 5964 Piso 8 Dpto B', 109, 1),
(885, '32039245', 'Leonardo', 'Delgado', '0383104037', 'leonardo.delgado@fibertel.com.ar', 'Alsina 8898', 12, 1),
(886, '32018439', 'Carla', 'Duarte', '0223122367', 'carla471@live.com.ar', 'Formosa 9888 Piso 1 Dpto A', 41, 1),
(887, '32646536', 'Emiliano', 'Calderón', '0341629378', 'calderon.emiliano@outlook.com', 'Río Negro 2619 Piso 8 Dpto H', 50, 1),
(888, '37225256', 'Ignacio', 'Medina', '0351600487', 'ignacio377@hotmail.com', 'Lavalle 7556', 36, 1),
(889, '37805474', 'Nora', 'Calderón', '0364556034', 'n.calderon@arnet.com.ar', 'Godoy Cruz 1961', 80, 1),
(890, '17995621', 'Vanesa', 'Zerda', '0297027095', 'vanesa137@icloud.com', 'Libertad 4136', 23, 1),
(891, '11789669', 'Stella', 'Salinas', '0223173540', 'stella.salinas@fibertel.com.ar', 'Viamonte 129 Piso 6 Dpto D', 58, 1),
(892, '37155628', 'Lautaro', 'Ponce', '0387977073', 'lautaro.ponce56@speedy.com.ar', 'Lima 2917', 69, 1),
(893, '38934466', 'Norma', 'Nieto', '0385204671', 'normanieto@hotmail.com', 'Garay 888 Piso 4 Dpto G', 43, 1),
(894, '11436204', 'Jorge', 'Aguilar', '0374421780', 'jorge.aguilar14@outlook.com', 'Rivadavia 6307 Dpto F', 50, 1),
(895, '25496135', 'Claudia', 'Moreno', '0345743389', 'c.moreno@icloud.com', 'Necochea 9778 Piso 2 Dpto E', 66, 1),
(896, '14575093', 'Víctor', 'Rodríguez', '0396692054', 'v.rodriguez@gmail.com', 'Formosa 7619', 43, 1),
(897, '15965515', 'Lucía', 'Paredes', '02966432415', 'lucia.paredes@arnet.com.ar', 'Alsina 102 Piso 6 Dpto B', 108, 1),
(898, '16572841', 'Patricio', 'Prado', '0372348774', 'patricio26@fibertel.com.ar', 'Rivadavia 2898 Piso 3 Dpto H', 105, 1),
(899, '39609241', 'Ezequiel', 'Pizarro', '02944359103', 'ezequielpizarro@arnet.com.ar', 'Belgrano 3435', 112, 1),
(900, '23533646', 'María', 'Alonso', '0291671094', 'm.alonso@gmail.com', 'Libertad 5505 Piso 2 Dpto A', 98, 1),
(901, '15729161', 'Rubén', 'Vega', '0387770021', 'ruben362@live.com.ar', 'La Rioja 1729', 35, 1),
(902, '40657774', 'Ingrid', 'Castillo', '0396234266', 'ingrid.castillo85@outlook.com', 'Alsina 8595 Piso 5 Dpto B', 11, 1),
(903, '43839117', 'Ariel', 'Quiroga', '0345029595', 'aquiroga@hotmail.com', 'Entre Ríos 8581', 45, 1),
(904, '21048812', 'Leonardo', 'Medina', '0221777285', 'leonardo.medina87@speedy.com.ar', 'Santiago del Estero 2930 Dpto A', 15, 1),
(905, '26062907', 'Guillermo', 'Ramírez', '0223326286', 'guillermo560@hotmail.com', 'Mendoza 5399', 49, 1),
(906, '11274699', 'Melanie', 'Domínguez', '0221566930', 'm.dominguez@live.com.ar', 'San Juan 5735 Dpto B', 20, 1),
(907, '11831206', 'Yanina', 'Molina', '0376528482', 'ymolina@icloud.com', 'Hipólito Yrigoyen 8874', 11, 1),
(908, '28436552', 'Mercedes', 'Sosa', '0221774657', 'mercedes814@outlook.com', 'Sarmiento 7526', 30, 1),
(909, '38865973', 'Miguel', 'Trujillo', '02944167080', 'miguel.trujillo@yahoo.com.ar', 'Florida 789 Dpto B', 46, 1),
(910, '25693949', 'Carlos', 'Vega', '0341034318', 'c.vega@speedy.com.ar', 'Independencia 6175', 7, 1),
(911, '28673723', 'Carla', 'Zerda', '0374554401', 'czerda@arnet.com.ar', 'Mitre 9676', 78, 1),
(912, '16537834', 'Néstor', 'Zamora', '0380019654', 'nestor.zamora33@speedy.com.ar', 'Jujuy 2111', 43, 1),
(913, '23831965', 'Lía', 'Carrizo', '0381292021', 'carrizo.lia@live.com.ar', 'Salta 5324', 52, 1),
(914, '34430653', 'Roberto', 'Bravo', '0364459767', 'rbravo@outlook.com', 'Garay 3826 Dpto D', 79, 1),
(915, '17290826', 'Viviana', 'Benítez', '0374571498', 'viviana.benitez46@hotmail.com.ar', 'San Juan 8466 Dpto F', 96, 1),
(916, '22799210', 'Beatriz', 'Pérez', '0291220341', 'beatrizperez@icloud.com', 'Reconquista 7625', 30, 1),
(917, '38898593', 'Camila', 'Beltrán', '0383204527', 'camila.beltran41@fibertel.com.ar', 'Río Negro 928', 62, 1),
(918, '40014717', 'Patricio', 'Pereyra', '0372530995', 'patricio.pereyra@yahoo.com.ar', 'Salta 4776', 27, 1),
(919, '32699276', 'Néstor', 'Ríos', '0341214093', 'nestor.rios34@outlook.com', 'Garay 5946', 102, 1),
(920, '28185735', 'Diana', 'Suárez', '0387400971', 'diana188@speedy.com.ar', 'Necochea 5085', 83, 1);
INSERT INTO `cliente` (`id_cliente`, `dni`, `nombre`, `apellido`, `telefono`, `email`, `direccion`, `id_localidad`, `activo`) VALUES
(921, '35208226', 'Graciela', 'Gutiérrez', '0372517257', 'graciela.gutierrez73@yahoo.com.ar', 'Avellaneda 4160', 100, 1),
(922, '17293654', 'Griselda', 'Fernández', '0362801217', 'gfernandez@speedy.com.ar', 'Alsina 7537 Dpto F', 105, 1),
(923, '10485857', 'Joel', 'Cardozo', '0119381627', 'joel.cardozo@fibertel.com.ar', 'Defensa 4380', 96, 1),
(924, '31340543', 'Federico', 'Prado', '0376609220', 'prado.federico@gmail.com', 'Balcarce 6983 Piso 7 Dpto F', 117, 1),
(925, '19175978', 'Alexis', 'Ruiz', '0351879054', 'alexis180@speedy.com.ar', 'Piedras 6238', 91, 1),
(926, '18477147', 'Rafael', 'Domínguez', '0345712310', 'rafael.dominguez66@hotmail.com', 'Santa Fe 9795', 61, 1),
(927, '15656871', 'Alejandro', 'Romero', '0345374729', 'alejandro.romero@icloud.com', 'Entre Ríos 8619', 112, 1),
(928, '29342009', 'Marcos', 'González', '0385809644', 'marcos.gonzalez@live.com.ar', 'Santa Fe 5096 Piso 5 Dpto F', 14, 1),
(929, '28592926', 'Camila', 'Gallardo', '0297448025', 'gallardo.camila@outlook.com', 'Dorrego 7658 Dpto D', 42, 1),
(930, '22342681', 'Leticia', 'Lagos', '0381989057', 'leticialagos@hotmail.com.ar', 'Chaco 2806', 100, 1),
(931, '44717565', 'Gabriel', 'Cáceres', '0346711081', 'gcaceres@outlook.com', 'Estados Unidos 7184', 60, 1),
(932, '32929795', 'Emilio', 'Cortez', '0299243967', 'cortez.emilio@icloud.com', 'Rivadavia 5630 Piso 5 Dpto E', 58, 1),
(933, '11924087', 'Susana', 'Leal', '0346485193', 's.leal@fibertel.com.ar', 'Lima 3308', 111, 1),
(934, '18857194', 'Sandra', 'Ríos', '0261388056', 'rios.sandra@speedy.com.ar', 'Estados Unidos 9803', 101, 1),
(935, '44168179', 'Ignacio', 'Benítez', '0396162384', 'ignacio27@outlook.com', 'Dorrego 2527 Piso 2 Dpto F', 103, 1),
(936, '24004029', 'Francisco', 'Giménez', '0345793807', 'franciscogimenez@arnet.com.ar', 'San Juan 7197 Dpto B', 34, 1),
(937, '39672647', 'Patricio', 'Ibarra', '0346068306', 'patricio182@gmail.com', 'Alsina 2995', 91, 1),
(938, '40639496', 'Víctor', 'Arias', '02944675101', 'victor209@arnet.com.ar', 'Brandsen 9781', 36, 1),
(939, '32487650', 'Octavio', 'Cortez', '0346348672', 'octavio.cortez12@speedy.com.ar', 'Avellaneda 643 Dpto A', 103, 1),
(940, '23363831', 'Liliana', 'Villalba', '0297321642', 'liliana590@live.com.ar', 'Entre Ríos 8953', 100, 1),
(941, '33160488', 'María', 'Molina', '0223969658', 'maria.molina@fibertel.com.ar', 'Santa Fe 9189', 57, 1),
(942, '32820706', 'Gabriela', 'Sánchez', '0381779569', 'gabriela16@hotmail.com', 'Avellaneda 6354 Dpto A', 120, 1),
(943, '42919354', 'Clara', 'Leal', '0351751214', 'claraleal@live.com.ar', 'Lavalle 6424', 79, 1),
(944, '44554799', 'Silvia', 'Ojeda', '0223813285', 'silviaojeda@hotmail.com.ar', 'Brasil 3655', 4, 1),
(945, '29384814', 'Lorena', 'Romero', '0110789273', 'lorenaromero@live.com.ar', 'Chacabuco 9605 Piso 3 Dpto F', 119, 1),
(946, '27288697', 'Christian', 'Flores', '0343123368', 'christian.flores58@speedy.com.ar', 'Godoy Cruz 3612', 29, 1),
(947, '22666934', 'Miguel', 'Mendoza', '0364906702', 'miguel.mendoza42@fibertel.com.ar', 'Salta 8390 Piso 10 Dpto G', 87, 1),
(948, '43823111', 'Paula', 'Gutiérrez', '0374292311', 'paula.gutierrez17@icloud.com', 'Piedras 8779', 103, 1),
(949, '30144753', 'Analía', 'Ríos', '0299420876', 'a.rios@arnet.com.ar', 'Necochea 7841 Piso 9 Dpto G', 99, 1),
(950, '12059442', 'Marcos', 'Ríos', '02944812272', 'marcos.rios@icloud.com', 'Carlos Calvo 5169', 95, 1),
(951, '27911178', 'Josefina', 'Ponce', '0374415530', 'jponce@hotmail.com.ar', 'Carlos Calvo 7472', 30, 1),
(952, '30305553', 'Sergio', 'Pérez', '02944825915', 'sergioperez@outlook.com', 'Mitre 216 Dpto E', 108, 1),
(953, '31077577', 'Yamila', 'Suárez', '0376952476', 'yamilasuarez@yahoo.com.ar', 'Rivadavia 3818', 63, 1),
(954, '33582091', 'Yanina', 'Prado', '0115737050', 'y.prado@icloud.com', 'Chubut 9454', 70, 1),
(955, '14310724', 'Elena', 'Giménez', '0346728760', 'egimenez@gmail.com', 'Bolívar 4691', 45, 1),
(956, '41351441', 'Gustavo', 'Juárez', '0374071845', 'gustavo.juarez1@arnet.com.ar', 'Cevallos 2227', 17, 1),
(957, '43215993', 'Iván', 'Leal', '0223083730', 'ivan.leal@yahoo.com.ar', 'Avellaneda 5237 Piso 8 Dpto A', 23, 1),
(958, '12313806', 'Melina', 'Silva', '0343137883', 'melina504@live.com.ar', 'Perón 6432 Piso 5 Dpto C', 13, 1),
(959, '15412753', 'Marisol', 'Correa', '0387243182', 'marisol.correa@yahoo.com.ar', '9 de Julio 5925', 40, 1),
(960, '44503721', 'Josefina', 'Correa', '0117121156', 'j.correa@speedy.com.ar', 'Libertad 9684', 105, 1),
(961, '18628174', 'Thiago', 'Arias', '0351045842', 'arias.thiago@icloud.com', 'Cevallos 9488 Dpto D', 102, 1),
(962, '31316256', 'Kevin', 'Gallardo', '02944488793', 'gallardo.kevin@arnet.com.ar', 'Cevallos 9329 Dpto F', 61, 1),
(963, '13620828', 'Miguel', 'Mendoza', '0362486475', 'miguel406@arnet.com.ar', 'Humberto 1° 6178', 19, 1),
(964, '18741187', 'Christian', 'Benítez', '0343235673', 'benitez.christian@live.com.ar', 'Entre Ríos 1260', 41, 1),
(965, '36941620', 'Inés', 'Bravo', '0376819967', 'bravo.ines@outlook.com', 'Las Heras 500 Piso 9 Dpto G', 15, 1),
(966, '27672478', 'José', 'Ojeda', '0343173897', 'ojeda.jose@yahoo.com.ar', 'Catamarca 3936', 116, 1),
(967, '41330302', 'Matías', 'Aguilar', '0388698425', 'matias.aguilar35@icloud.com', 'Defensa 8005 Piso 5 Dpto C', 38, 1),
(968, '38588857', 'Victoria', 'Villalba', '0385837294', 'v.villalba@speedy.com.ar', 'Roca 5400', 104, 1),
(969, '11641556', 'Juan', 'Pereyra', '0221966270', 'juanpereyra@speedy.com.ar', '9 de Julio 8756', 6, 1),
(970, '12512537', 'Emilio', 'Arias', '0291572086', 'emilio.arias@icloud.com', 'Catamarca 648', 14, 1),
(971, '11940055', 'Iris', 'Paredes', '0362099474', 'i.paredes@gmail.com', 'Corrientes 2971 Piso 4 Dpto A', 108, 1),
(972, '30024679', 'Mariana', 'Reyes', '0380763661', 'reyes.mariana@icloud.com', 'Río Negro 1227', 106, 1),
(973, '24869144', 'Leonardo', 'Benítez', '0346330394', 'benitez.leonardo@arnet.com.ar', 'Perú 1119', 97, 1),
(974, '35417065', 'Lucas', 'Calderón', '0376008746', 'lucas.calderon@fibertel.com.ar', 'Avellaneda 6435', 100, 1),
(975, '41704180', 'Rodrigo', 'Espinoza', '0396349168', 'espinoza.rodrigo@gmail.com', 'Defensa 7633', 92, 1),
(976, '34361193', 'Leandro', 'Lagos', '0346058154', 'l.lagos@arnet.com.ar', 'Vélez Sársfield 2328 Piso 10 Dpto C', 89, 1),
(977, '17340193', 'Carlos', 'Herrera', '0346100826', 'carlosherrera@icloud.com', 'Vélez Sársfield 1285 Dpto B', 8, 1),
(978, '15262237', 'Daniel', 'Carrizo', '0223352876', 'daniel.carrizo@hotmail.com', 'Mendoza 3371', 33, 1),
(979, '36637656', 'Analía', 'Ponce', '0299004133', 'analia308@gmail.com', 'San Juan 6242 Piso 5 Dpto A', 72, 1),
(980, '28191057', 'Kevin', 'Prieto', '0341415922', 'prieto.kevin@gmail.com', 'Tucumán 4852', 50, 1),
(981, '19421283', 'María', 'Acosta', '0374130142', 'm.acosta@outlook.com', 'Humberto 1° 8100', 53, 1),
(982, '32191750', 'Damián', 'Mendoza', '02966949019', 'mendoza.damian@outlook.com', 'Estados Unidos 3883 Piso 5 Dpto C', 5, 1),
(983, '41542045', 'Valentín', 'Vega', '0364104165', 'valentin922@icloud.com', 'Hipólito Yrigoyen 9823', 96, 1),
(984, '17399264', 'Celeste', 'Leiva', '0376814698', 'celeste.leiva95@icloud.com', 'Chaco 3320 Dpto H', 92, 1),
(985, '36332187', 'Daniel', 'Arias', '0380460209', 'darias@yahoo.com.ar', 'Piedras 633 Dpto E', 42, 1),
(986, '21543167', 'Silvina', 'Figueroa', '0261474483', 's.figueroa@outlook.com', 'Estados Unidos 2916 Dpto B', 101, 1),
(987, '39409389', 'Natalia', 'Miranda', '0374732124', 'nataliamiranda@outlook.com', 'Defensa 6876', 83, 1),
(988, '11584883', 'Alan', 'Reyes', '0297635972', 'alan.reyes81@hotmail.com.ar', 'Cochabamba 1391', 39, 1),
(989, '17894004', 'Leonardo', 'Ruiz', '0385722125', 'ruiz.leonardo@speedy.com.ar', 'Corrientes 2170', 31, 1),
(990, '18970070', 'Esteban', 'Prado', '0380187824', 'estebanprado@gmail.com', 'Necochea 3709 Piso 5 Dpto C', 22, 1),
(991, '17452083', 'Lautaro', 'Jiménez', '0376598642', 'l.jimenez@speedy.com.ar', 'Florida 6758', 22, 1),
(992, '20658671', 'Cristian', 'Castillo', '0370881536', 'cristiancastillo@outlook.com', 'Córdoba 3171', 35, 1),
(993, '38350576', 'Marina', 'Medina', '0261385589', 'm.medina@gmail.com', 'Cochabamba 9629', 29, 1),
(994, '44527024', 'Jorge', 'Rodríguez', '0346512692', 'rodriguez.jorge@hotmail.com', 'Chaco 7105 Piso 2 Dpto A', 73, 1),
(995, '14233968', 'Nicolás', 'Paredes', '0221885034', 'n.paredes@live.com.ar', 'Godoy Cruz 3113', 12, 1),
(996, '19656319', 'Hugo', 'Acosta', '0223422271', 'h.acosta@fibertel.com.ar', 'Independencia 6379 Piso 3 Dpto D', 106, 1),
(997, '31053823', 'Norma', 'Torres', '0396733779', 'norma524@yahoo.com.ar', 'Necochea 8078', 50, 1),
(998, '39806590', 'Karina', 'Acosta', '0346249471', 'karina138@hotmail.com.ar', 'Caseros 6263 Dpto B', 80, 1),
(999, '30635032', 'Victoria', 'Prado', '0346873128', 'prado.victoria@icloud.com', 'Defensa 2792', 25, 1),
(1000, '31937630', 'Marcela', 'Ruiz', '0396485924', 'mruiz@hotmail.com', 'Santa Fe 9871', 80, 1),
(1001, '20309210', 'Lucila', 'Montuori', NULL, NULL, NULL, NULL, 1),
(1006, '47966491', 'Naiquén', 'Flores', NULL, 'naiqui2007@gmail.com', 'Tunuyán 889', NULL, 1),
(1007, '21222222', 'Gonzalo', 'Antón', NULL, 'gonzaloant1234@gmail.com', 'Marmot 69', NULL, 1),
(1008, '12345678', 'Leo', 'Oliva', NULL, 'olivaleo@gmail.com', 'Necochea 900', NULL, 1),
(1009, '11333444', 'Abaron', 'Aalmada', NULL, 'abaronalmada@gmail.com', NULL, NULL, 1);

--
-- Disparadores `cliente`
--
DELIMITER $$
CREATE TRIGGER `verificar_dni_cliente_unico` BEFORE INSERT ON `cliente` FOR EACH ROW BEGIN
    DECLARE dni_existente INT;

    SELECT COUNT(*) INTO dni_existente
    FROM cliente
    WHERE dni = NEW.dni;

    IF dni_existente > 0 THEN
        SIGNAL SQLSTATE '45000'
        SET MESSAGE_TEXT = 'Ya existe un cliente registrado con ese DNI.';
    END IF;
END
$$
DELIMITER ;

-- --------------------------------------------------------

--
-- Estructura de tabla para la tabla `empleado`
--

CREATE TABLE `empleado` (
  `id_empleado` int(11) NOT NULL,
  `dni` varchar(15) NOT NULL,
  `nombre` varchar(50) NOT NULL,
  `apellido` varchar(50) NOT NULL,
  `legajo` varchar(20) NOT NULL,
  `id_sucursal` int(11) NOT NULL,
  `activo` tinyint(1) NOT NULL DEFAULT 1
) ENGINE=InnoDB DEFAULT CHARSET=utf8mb4 COLLATE=utf8mb4_general_ci;

--
-- Volcado de datos para la tabla `empleado`
--

INSERT INTO `empleado` (`id_empleado`, `dni`, `nombre`, `apellido`, `legajo`, `id_sucursal`, `activo`) VALUES
(1, '18122022', 'Angel', 'Di Maria', 'EMP0001', 25, 1),
(2, '91000111', 'Richard', 'Rios', 'EMP0002', 26, 1);

-- --------------------------------------------------------

--
-- Estructura de tabla para la tabla `envio`
--

CREATE TABLE `envio` (
  `id_envio` int(11) NOT NULL,
  `nro_tracking` varchar(30) NOT NULL,
  `fecha_recepcion` datetime NOT NULL,
  `peso_kg` decimal(10,2) DEFAULT NULL,
  `id_tipo_cont` int(11) NOT NULL,
  `id_remitente` int(11) NOT NULL,
  `id_destinatario` int(11) NOT NULL,
  `id_suc_origen` int(11) NOT NULL,
  `id_suc_destino` int(11) NOT NULL
) ENGINE=InnoDB DEFAULT CHARSET=utf8mb4 COLLATE=utf8mb4_general_ci;

--
-- Volcado de datos para la tabla `envio`
--

INSERT INTO `envio` (`id_envio`, `nro_tracking`, `fecha_recepcion`, `peso_kg`, `id_tipo_cont`, `id_remitente`, `id_destinatario`, `id_suc_origen`, `id_suc_destino`) VALUES
(1, 'LGT-20240315-00001', '2026-06-15 09:30:00', 12.50, 2, 1, 1001, 1, 11),
(2, 'LGT-20240708-00041', '2024-07-08 19:30:25', 86.07, 3, 107, 587, 35, 23),
(3, 'LGT-20240312-00018', '2024-03-12 15:24:22', 438.22, 1, 863, 129, 43, 18),
(4, 'LGT-20240206-00073', '2024-02-06 11:17:10', 9.62, 3, 227, 299, 9, 8),
(5, 'LGT-20251201-00068', '2025-12-01 01:36:08', 249.88, 1, 984, 873, 29, 43),
(6, 'LGT-20240822-00095', '2024-08-22 14:08:13', 407.10, 6, 987, 224, 10, 38),
(7, 'LGT-20260110-00081', '2026-01-10 08:25:30', 61.79, 4, 369, 214, 38, 15),
(8, 'LGT-20240809-00066', '2024-08-09 17:49:20', 57.91, 2, 687, 412, 39, 14),
(9, 'LGT-20260330-00054', '2026-03-30 17:44:34', 174.31, 6, 937, 108, 32, 16),
(10, 'LGT-20250202-00016', '2025-02-02 06:36:17', 135.12, 5, 296, 50, 41, 5),
(11, 'LGT-20250226-00036', '2025-02-26 09:14:53', 103.84, 4, 68, 138, 7, 47),
(12, 'LGT-20250303-00044', '2025-03-03 18:06:15', 377.67, 1, 728, 30, 33, 38),
(13, 'LGT-20240902-00052', '2024-09-02 13:30:21', 201.06, 4, 405, 173, 34, 39),
(14, 'LGT-20251019-00090', '2025-10-19 02:36:14', 136.07, 1, 244, 611, 27, 17),
(15, 'LGT-20251023-00025', '2025-10-23 14:45:43', 36.58, 5, 206, 191, 23, 11),
(16, 'LGT-20260409-00076', '2026-04-09 01:22:08', 464.42, 3, 445, 349, 7, 5),
(17, 'LGT-20260218-00053', '2026-02-18 01:18:06', 404.92, 3, 132, 819, 46, 6),
(18, 'LGT-20251109-00031', '2025-11-09 15:54:32', 50.30, 5, 151, 52, 26, 14),
(19, 'LGT-20250518-00100', '2025-05-18 04:24:01', 422.11, 6, 129, 194, 23, 25),
(20, 'LGT-20250103-00043', '2025-01-03 23:40:38', 201.00, 3, 376, 181, 19, 33),
(21, 'LGT-20240319-00045', '2024-03-19 11:38:27', 361.67, 2, 584, 631, 33, 8),
(22, 'LGT-20260130-00096', '2026-01-30 10:26:28', 3.81, 3, 453, 665, 22, 3),
(23, 'LGT-20241206-00061', '2024-12-06 05:49:05', 367.63, 2, 25, 517, 32, 20),
(24, 'LGT-20260514-00080', '2026-05-14 19:02:24', 183.15, 2, 933, 181, 17, 18),
(25, 'LGT-20250621-00060', '2025-06-21 21:36:12', 74.85, 5, 898, 381, 28, 47),
(26, 'LGT-20251208-00027', '2025-12-08 21:47:29', 367.05, 4, 150, 635, 21, 41),
(27, 'LGT-20260128-00101', '2026-01-28 17:28:21', 312.00, 4, 795, 502, 45, 19),
(28, 'LGT-20241126-00093', '2024-11-26 11:15:47', 300.13, 5, 998, 422, 43, 12),
(29, 'LGT-20250329-00048', '2025-03-29 01:24:22', 9.34, 3, 454, 885, 7, 24),
(30, 'LGT-20240402-00034', '2024-04-02 01:24:27', 249.38, 1, 290, 443, 32, 23),
(31, 'LGT-20240123-00047', '2024-01-23 06:21:17', 236.32, 2, 39, 534, 40, 32),
(32, 'LGT-20240416-00079', '2024-04-16 00:19:23', 410.81, 4, 17, 954, 37, 18),
(33, 'LGT-20250711-00088', '2025-07-11 19:19:15', 456.73, 5, 685, 258, 34, 42),
(34, 'LGT-20260323-00082', '2026-03-23 16:30:08', 164.69, 1, 93, 758, 4, 16),
(35, 'LGT-20240901-00012', '2024-09-01 11:50:17', 172.03, 2, 707, 135, 39, 11),
(36, 'LGT-20240313-00057', '2024-03-13 08:29:16', 310.01, 4, 183, 161, 27, 39),
(37, 'LGT-20250408-00062', '2025-04-08 05:52:10', 315.79, 3, 607, 671, 32, 11),
(38, 'LGT-20240126-00035', '2024-01-26 18:57:02', 64.74, 3, 980, 263, 37, 36),
(39, 'LGT-20250516-00069', '2025-05-16 22:59:32', 436.56, 1, 806, 480, 41, 21),
(40, 'LGT-20250802-00049', '2025-08-02 22:15:20', 271.19, 3, 717, 519, 47, 22),
(41, 'LGT-20250718-00003', '2025-07-18 13:00:48', 13.55, 3, 724, 256, 7, 32),
(42, 'LGT-20240717-00007', '2024-07-17 14:18:18', 197.22, 1, 685, 397, 22, 23),
(43, 'LGT-20250626-00075', '2025-06-26 17:00:49', 4.27, 1, 373, 586, 22, 4),
(44, 'LGT-20240319-00099', '2024-03-19 00:46:17', 217.41, 2, 263, 784, 24, 7),
(45, 'LGT-20260208-00017', '2026-02-08 09:55:02', 155.12, 6, 759, 355, 17, 12),
(46, 'LGT-20250101-00026', '2025-01-01 03:32:22', 396.46, 5, 82, 192, 26, 34),
(47, 'LGT-20260205-00032', '2026-02-05 07:58:49', 83.31, 4, 711, 274, 47, 44),
(48, 'LGT-20260211-00008', '2026-02-11 05:09:06', 456.85, 6, 595, 119, 32, 42),
(49, 'LGT-20240427-00006', '2024-04-27 19:41:33', 90.68, 2, 365, 903, 10, 43),
(50, 'LGT-20260217-00077', '2026-02-17 12:23:28', 469.98, 6, 469, 374, 8, 4),
(51, 'LGT-20251120-00028', '2025-11-20 01:57:32', 283.47, 1, 719, 837, 31, 22),
(52, 'LGT-20251004-00065', '2025-10-04 11:54:54', 148.39, 2, 728, 725, 48, 21),
(53, 'LGT-20240302-00072', '2024-03-02 12:30:35', 69.45, 6, 785, 946, 10, 3),
(54, 'LGT-20260226-00059', '2026-02-26 18:07:49', 120.56, 1, 214, 682, 7, 46),
(55, 'LGT-20240411-00013', '2024-04-11 11:42:59', 78.99, 4, 214, 357, 23, 6),
(56, 'LGT-20260201-00064', '2026-02-01 09:48:33', 254.15, 4, 539, 451, 28, 41),
(57, 'LGT-20260404-00029', '2026-04-04 10:57:07', 61.43, 3, 49, 881, 4, 10),
(58, 'LGT-20260318-00019', '2026-03-18 02:57:04', 170.19, 4, 892, 192, 1, 13),
(59, 'LGT-20250824-00014', '2025-08-24 05:06:20', 480.60, 1, 389, 962, 47, 34),
(60, 'LGT-20260518-00063', '2026-05-18 18:59:23', 468.28, 5, 771, 541, 42, 47),
(61, 'LGT-20240509-00011', '2024-05-09 19:16:33', 479.76, 4, 431, 707, 32, 41),
(62, 'LGT-20240101-00078', '2024-01-01 16:51:31', 57.39, 5, 458, 335, 8, 9),
(63, 'LGT-20250303-00020', '2025-03-03 05:16:48', 303.27, 3, 416, 269, 9, 16),
(64, 'LGT-20240606-00091', '2024-06-06 20:39:00', 461.73, 5, 917, 884, 34, 39),
(65, 'LGT-20251010-00074', '2025-10-10 02:09:36', 47.45, 4, 988, 367, 19, 29),
(66, 'LGT-20260509-00009', '2026-05-09 03:44:30', 75.30, 6, 92, 150, 33, 1),
(67, 'LGT-20241221-00046', '2024-12-21 13:23:33', 247.72, 5, 404, 695, 37, 40),
(68, 'LGT-20250528-00087', '2025-05-28 07:26:33', 46.46, 1, 306, 338, 7, 9),
(69, 'LGT-20240117-00092', '2024-01-17 20:51:05', 490.38, 5, 212, 558, 34, 5),
(70, 'LGT-20240212-00071', '2024-02-12 00:25:01', 303.91, 5, 782, 972, 10, 15),
(71, 'LGT-20241003-00098', '2024-10-03 03:17:20', 20.86, 6, 83, 676, 32, 7),
(72, 'LGT-20240206-00058', '2024-02-06 05:02:30', 276.43, 4, 985, 497, 35, 32),
(73, 'LGT-20251024-00085', '2025-10-24 05:40:36', 382.67, 2, 298, 905, 19, 23),
(74, 'LGT-20241121-00002', '2024-11-21 15:43:58', 211.68, 6, 986, 266, 11, 15),
(75, 'LGT-20241117-00050', '2024-11-17 01:29:05', 46.19, 2, 18, 685, 13, 9),
(76, 'LGT-20250529-00083', '2025-05-29 10:27:27', 413.92, 5, 128, 982, 32, 30),
(77, 'LGT-20240108-00055', '2024-01-08 09:07:54', 284.47, 4, 23, 546, 39, 12),
(78, 'LGT-20250320-00094', '2025-03-20 14:21:00', 318.67, 1, 319, 957, 13, 31),
(79, 'LGT-20260324-00004', '2026-03-24 15:08:49', 281.47, 4, 285, 700, 40, 22),
(80, 'LGT-20240703-00042', '2024-07-03 16:24:59', 231.48, 5, 433, 613, 36, 48),
(81, 'LGT-20240528-00023', '2024-05-28 01:56:47', 362.90, 2, 892, 461, 33, 42),
(82, 'LGT-20250705-00086', '2025-07-05 00:50:21', 241.07, 1, 155, 611, 11, 30),
(83, 'LGT-20251230-00038', '2025-12-30 03:32:08', 270.88, 5, 682, 5, 28, 45),
(84, 'LGT-20250716-00051', '2025-07-16 00:08:21', 21.53, 5, 484, 490, 38, 13),
(85, 'LGT-20240314-00033', '2024-03-14 21:50:04', 290.93, 1, 964, 286, 24, 1),
(86, 'LGT-20250426-00039', '2025-04-26 15:01:13', 450.73, 5, 797, 11, 27, 18),
(87, 'LGT-20240117-00010', '2024-01-17 15:16:54', 86.61, 2, 719, 38, 29, 44),
(88, 'LGT-20251201-00067', '2025-12-01 01:15:12', 308.96, 5, 15, 637, 4, 10),
(89, 'LGT-20251224-00040', '2025-12-24 15:42:34', 211.18, 1, 132, 127, 33, 29),
(90, 'LGT-20240201-00084', '2024-02-01 12:07:09', 255.28, 2, 605, 573, 6, 32),
(91, 'LGT-20250402-00022', '2025-04-02 09:44:29', 446.20, 3, 321, 906, 1, 38),
(92, 'LGT-20240106-00005', '2024-01-06 22:04:20', 328.86, 1, 972, 657, 16, 21),
(93, 'LGT-20260207-00015', '2026-02-07 22:05:55', 418.11, 4, 782, 380, 42, 35),
(94, 'LGT-20240105-00021', '2024-01-05 09:47:17', 333.22, 6, 99, 699, 22, 36),
(95, 'LGT-20240814-00056', '2024-08-14 15:34:52', 120.58, 2, 855, 810, 46, 29),
(96, 'LGT-20250331-00030', '2025-03-31 04:15:06', 328.08, 5, 191, 147, 11, 45),
(97, 'LGT-20260414-00089', '2026-04-14 05:19:43', 256.02, 2, 479, 603, 26, 11),
(98, 'LGT-20251129-00024', '2025-11-29 21:50:15', 467.08, 3, 414, 189, 48, 4),
(99, 'LGT-20250603-00070', '2025-06-03 04:36:39', 238.48, 6, 355, 407, 37, 40),
(100, 'LGT-20240213-00037', '2024-02-13 06:52:37', 475.96, 4, 316, 242, 21, 34),
(101, 'LGT-20240507-00097', '2024-05-07 06:30:40', 39.95, 6, 569, 163, 44, 45),
(103, 'TRK-37E4EFB2', '2026-06-10 04:27:51', 10.70, 2, 1001, 644, 10, 26),
(104, 'TRK-614653AD', '2026-06-11 20:50:35', 28.80, 5, 1006, 360, 25, 29),
(105, 'TRK-A87EFDB8', '2026-06-23 18:44:43', 110.20, 4, 998, 308, 31, 36),
(110, 'TRK-BDED409B', '2026-06-23 19:58:02', 2000.00, 2, 1008, 428, 26, 17),
(111, 'TRK-AEFE07C1', '2026-06-23 19:58:35', 2000.00, 2, 1008, 428, 26, 17),
(112, 'TRK-B45A2A8A', '2026-06-23 19:58:37', 2000.00, 2, 1008, 428, 26, 17),
(113, 'TRK-0F6F165C', '2026-06-24 19:07:25', 10000.00, 4, 1001, 447, 17, 36),
(114, 'TRK-7038076D', '2026-06-24 19:07:27', 10000.00, 4, 1001, 447, 17, 36),
(115, 'TRK-32607E2B', '2026-06-24 19:07:28', 10000.00, 4, 1001, 447, 17, 36),
(116, 'TRK-44E04DBA', '2026-06-24 19:07:31', 10000.00, 4, 1001, 447, 17, 36),
(117, 'TRK-A10E2ABC', '2026-06-24 19:07:32', 10000.00, 4, 1001, 447, 17, 36);

--
-- Disparadores `envio`
--
DELIMITER $$
CREATE TRIGGER `trg_estado_inicial_envio` AFTER INSERT ON `envio` FOR EACH ROW BEGIN
    INSERT INTO `historial_estado` (`id_envio`, `id_estado`, `fecha_hora`, `id_sucursal_actual`)
    VALUES (NEW.id_envio, 1, NOW(), NEW.id_suc_origen);
END
$$
DELIMITER ;

-- --------------------------------------------------------

--
-- Estructura de tabla para la tabla `historial_estado`
--

CREATE TABLE `historial_estado` (
  `id_hist` int(11) NOT NULL,
  `id_envio` int(11) NOT NULL,
  `id_estado` int(11) NOT NULL,
  `fecha_hora` datetime NOT NULL,
  `id_sucursal_actual` int(11) NOT NULL
) ENGINE=InnoDB DEFAULT CHARSET=utf8mb4 COLLATE=utf8mb4_general_ci;

--
-- Volcado de datos para la tabla `historial_estado`
--

INSERT INTO `historial_estado` (`id_hist`, `id_envio`, `id_estado`, `fecha_hora`, `id_sucursal_actual`) VALUES
(1, 1, 1, '2026-06-09 19:53:59', 1),
(4, 2, 1, '2026-06-10 02:59:59', 35),
(5, 3, 1, '2026-06-10 02:59:59', 43),
(6, 4, 1, '2026-06-10 02:59:59', 9),
(7, 5, 1, '2026-06-10 02:59:59', 29),
(8, 6, 1, '2026-06-10 02:59:59', 10),
(9, 7, 1, '2026-06-10 02:59:59', 38),
(10, 8, 1, '2026-06-10 02:59:59', 39),
(11, 9, 1, '2026-06-10 02:59:59', 32),
(12, 10, 1, '2026-06-10 02:59:59', 41),
(13, 11, 1, '2026-06-10 02:59:59', 7),
(14, 12, 1, '2026-06-10 02:59:59', 33),
(15, 13, 1, '2026-06-10 02:59:59', 34),
(16, 14, 1, '2026-06-10 02:59:59', 27),
(17, 15, 1, '2026-06-10 02:59:59', 23),
(18, 16, 1, '2026-06-10 02:59:59', 7),
(19, 17, 1, '2026-06-10 02:59:59', 46),
(20, 18, 1, '2026-06-10 02:59:59', 26),
(21, 19, 1, '2026-06-10 02:59:59', 23),
(22, 20, 1, '2026-06-10 02:59:59', 19),
(23, 21, 1, '2026-06-10 02:59:59', 33),
(24, 22, 1, '2026-06-10 02:59:59', 22),
(25, 23, 1, '2026-06-10 02:59:59', 32),
(26, 24, 1, '2026-06-10 02:59:59', 17),
(27, 25, 1, '2026-06-10 02:59:59', 28),
(28, 26, 1, '2026-06-10 02:59:59', 21),
(29, 27, 1, '2026-06-10 02:59:59', 45),
(30, 28, 1, '2026-06-10 02:59:59', 43),
(31, 29, 1, '2026-06-10 02:59:59', 7),
(32, 30, 1, '2026-06-10 02:59:59', 32),
(33, 31, 1, '2026-06-10 02:59:59', 40),
(34, 32, 1, '2026-06-10 02:59:59', 37),
(35, 33, 1, '2026-06-10 02:59:59', 34),
(36, 34, 1, '2026-06-10 02:59:59', 4),
(37, 35, 1, '2026-06-10 02:59:59', 39),
(38, 36, 1, '2026-06-10 02:59:59', 27),
(39, 37, 1, '2026-06-10 02:59:59', 32),
(40, 38, 1, '2026-06-10 02:59:59', 37),
(41, 39, 1, '2026-06-10 02:59:59', 41),
(42, 40, 1, '2026-06-10 02:59:59', 47),
(43, 41, 1, '2026-06-10 02:59:59', 7),
(44, 42, 1, '2026-06-10 02:59:59', 22),
(45, 43, 1, '2026-06-10 02:59:59', 22),
(46, 44, 1, '2026-06-10 02:59:59', 24),
(47, 45, 1, '2026-06-10 02:59:59', 17),
(48, 46, 1, '2026-06-10 02:59:59', 26),
(49, 47, 1, '2026-06-10 02:59:59', 47),
(50, 48, 1, '2026-06-10 02:59:59', 32),
(51, 49, 1, '2026-06-10 02:59:59', 10),
(52, 50, 1, '2026-06-10 02:59:59', 8),
(53, 51, 1, '2026-06-10 02:59:59', 31),
(54, 52, 1, '2026-06-10 02:59:59', 48),
(55, 53, 1, '2026-06-10 02:59:59', 10),
(56, 54, 1, '2026-06-10 02:59:59', 7),
(57, 55, 1, '2026-06-10 02:59:59', 23),
(58, 56, 1, '2026-06-10 02:59:59', 28),
(59, 57, 1, '2026-06-10 02:59:59', 4),
(60, 58, 1, '2026-06-10 02:59:59', 1),
(61, 59, 1, '2026-06-10 02:59:59', 47),
(62, 60, 1, '2026-06-10 02:59:59', 42),
(63, 61, 1, '2026-06-10 02:59:59', 32),
(64, 62, 1, '2026-06-10 02:59:59', 8),
(65, 63, 1, '2026-06-10 02:59:59', 9),
(66, 64, 1, '2026-06-10 02:59:59', 34),
(67, 65, 1, '2026-06-10 02:59:59', 19),
(68, 66, 1, '2026-06-10 02:59:59', 33),
(69, 67, 1, '2026-06-10 02:59:59', 37),
(70, 68, 1, '2026-06-10 02:59:59', 7),
(71, 69, 1, '2026-06-10 02:59:59', 34),
(72, 70, 1, '2026-06-10 02:59:59', 10),
(73, 71, 1, '2026-06-10 02:59:59', 32),
(74, 72, 1, '2026-06-10 02:59:59', 35),
(75, 73, 1, '2026-06-10 02:59:59', 19),
(76, 74, 1, '2026-06-10 02:59:59', 11),
(77, 75, 1, '2026-06-10 02:59:59', 13),
(78, 76, 1, '2026-06-10 02:59:59', 32),
(79, 77, 1, '2026-06-10 02:59:59', 39),
(80, 78, 1, '2026-06-10 02:59:59', 13),
(81, 79, 1, '2026-06-10 02:59:59', 40),
(82, 80, 1, '2026-06-10 02:59:59', 36),
(83, 81, 1, '2026-06-10 02:59:59', 33),
(84, 82, 1, '2026-06-10 02:59:59', 11),
(85, 83, 1, '2026-06-10 02:59:59', 28),
(86, 84, 1, '2026-06-10 02:59:59', 38),
(87, 85, 1, '2026-06-10 02:59:59', 24),
(88, 86, 1, '2026-06-10 02:59:59', 27),
(89, 87, 1, '2026-06-10 02:59:59', 29),
(90, 88, 1, '2026-06-10 02:59:59', 4),
(91, 89, 1, '2026-06-10 02:59:59', 33),
(92, 90, 1, '2026-06-10 02:59:59', 6),
(93, 91, 1, '2026-06-10 02:59:59', 1),
(94, 92, 1, '2026-06-10 02:59:59', 16),
(95, 93, 1, '2026-06-10 02:59:59', 42),
(96, 94, 1, '2026-06-10 02:59:59', 22),
(97, 95, 1, '2026-06-10 02:59:59', 46),
(98, 96, 1, '2026-06-10 02:59:59', 11),
(99, 97, 1, '2026-06-10 02:59:59', 26),
(100, 98, 1, '2026-06-10 02:59:59', 48),
(101, 99, 1, '2026-06-10 02:59:59', 37),
(102, 100, 1, '2026-06-10 02:59:59', 21),
(103, 101, 1, '2026-06-10 02:59:59', 44),
(105, 62, 2, '2026-06-10 04:13:31', 8),
(106, 38, 2, '2026-06-10 04:13:31', 37),
(107, 103, 1, '2026-06-10 04:27:51', 10),
(108, 94, 2, '2026-06-10 18:02:16', 22),
(109, 92, 2, '2026-06-10 20:39:32', 16),
(110, 104, 1, '2026-06-11 20:50:35', 25),
(111, 104, 2, '2026-06-11 20:55:01', 25),
(113, 105, 1, '2026-06-23 18:44:43', 31),
(114, 105, 1, '2026-06-23 18:44:43', 31),
(123, 105, 2, '2026-06-23 19:09:26', 31),
(124, 110, 1, '2026-06-23 19:58:02', 26),
(125, 110, 1, '2026-06-23 19:58:02', 26),
(126, 111, 1, '2026-06-23 19:58:35', 26),
(127, 111, 1, '2026-06-23 19:58:35', 26),
(128, 112, 1, '2026-06-23 19:58:37', 26),
(129, 112, 1, '2026-06-23 19:58:37', 26),
(130, 110, 2, '2026-06-23 20:04:27', 26),
(131, 111, 2, '2026-06-23 20:04:27', 26),
(132, 112, 2, '2026-06-23 20:04:27', 26),
(133, 113, 1, '2026-06-24 19:07:25', 17),
(134, 113, 1, '2026-06-24 19:07:25', 17),
(135, 114, 1, '2026-06-24 19:07:27', 17),
(136, 114, 1, '2026-06-24 19:07:27', 17),
(137, 115, 1, '2026-06-24 19:07:28', 17),
(138, 115, 1, '2026-06-24 19:07:28', 17),
(139, 116, 1, '2026-06-24 19:07:31', 17),
(140, 116, 1, '2026-06-24 19:07:31', 17),
(141, 117, 1, '2026-06-24 19:07:32', 17),
(142, 117, 1, '2026-06-24 19:07:32', 17);

-- --------------------------------------------------------

--
-- Estructura de tabla para la tabla `incidente`
--

CREATE TABLE `incidente` (
  `id_incidente` int(11) NOT NULL,
  `id_viaje` int(11) NOT NULL,
  `tipo_incidente` varchar(50) NOT NULL,
  `descripcion` varchar(200) DEFAULT NULL,
  `fecha_hora` datetime NOT NULL
) ENGINE=InnoDB DEFAULT CHARSET=utf8mb4 COLLATE=utf8mb4_general_ci;

--
-- Volcado de datos para la tabla `incidente`
--

INSERT INTO `incidente` (`id_incidente`, `id_viaje`, `tipo_incidente`, `descripcion`, `fecha_hora`) VALUES
(1, 7, 'Rotura de vehículo', 'Pinchadura de neumático en ruta saliendo de Sucursal Caucete. Se realizó cambio de rueda de auxilio.', '2024-01-22 20:28:23'),
(2, 212, 'Demora por clima', 'Fuerte tormenta eléctrica en la zona de Iguazú obligó a detener la marcha por precaución durante aproximadamente una hora.', '2024-11-14 23:36:04'),
(3, 129, 'Piquete / Corte de ruta', 'Corte total de ruta por manifestación a la altura de Zárate, demora estimada de 4 horas hasta liberar el paso.', '2023-01-27 22:51:44'),
(4, 76, 'Robo', 'Intento de robo durante parada técnica en estación de servicio. Se activó alarma del vehículo y los sospechosos huyeron sin sustraer mercadería.', '2023-10-21 10:50:36'),
(5, 220, 'Paquete dañado', 'Se detectó un paquete con embalaje roto durante control de carga en ruta, contenido aparentemente intacto.', '2025-03-18 19:57:12'),
(6, 183, 'Otro', 'Demora de 40 minutos en control rutinario de Gendarmería sobre Ruta 40.', '2025-06-09 07:33:17'),
(7, 34, 'Accidente', 'Roce leve con otro vehículo al maniobrar para salir del depósito. Sin heridos, daños menores en paragolpe.', '2025-11-06 11:25:31'),
(8, 188, 'Rotura de vehículo', 'Falla en el sistema de frenos detectada en control de ruta. El vehículo quedó detenido hasta la asistencia mecánica.', '2025-04-03 09:20:31'),
(9, 139, 'Demora por clima', 'Niebla densa en la zona de montaña redujo la visibilidad y obligó a circular a velocidad reducida.', '2023-01-14 09:00:52'),
(10, 110, 'Piquete / Corte de ruta', 'Corte parcial en Av. General Paz por protesta gremial, demora aproximada de 50 minutos.', '2025-10-11 08:10:49'),
(11, 43, 'Paquete dañado', 'Una caja se desplazó durante una frenada brusca y resultó con golpes visibles en el embalaje exterior.', '2023-03-13 21:29:41'),
(12, 155, 'Otro', 'Demora por trámite de control fronterizo más extenso de lo habitual.', '2024-05-08 02:01:22'),
(13, 88, 'Rotura de vehículo', 'Pérdida de aceite detectada en parada de descanso. Se coordinó traslado de un mecánico para reparación in situ.', '2023-06-29 05:48:41'),
(14, 36, 'Demora por clima', 'Lluvias intensas y anegamiento en la calzada obligaron a desviar la ruta original, sumando aproximadamente una hora.', '2024-04-03 08:51:15'),
(15, 37, 'Accidente', 'Pinchazo de neumático trasero a alta velocidad provocó pérdida momentánea de control, sin consecuencias graves.', '2023-05-20 16:54:59'),
(16, 108, 'Robo', 'Sustracción de herramientas y elementos personales del vehículo durante una parada nocturna no vigilada.', '2023-06-03 09:55:11'),
(17, 240, 'Paquete dañado', 'Paquete con contenido líquido presentó pérdida durante el transporte, manchando otros bultos cercanos.', '2025-03-23 05:47:40'),
(18, 53, 'Piquete / Corte de ruta', 'Bloqueo total de la ruta nacional por corte de productores rurales, con demora de más de 3 horas.', '2023-04-29 07:38:27'),
(19, 122, 'Demora por clima', 'Alerta meteorológica por viento zonda obligó a permanecer detenidos en una estación de servicio por seguridad.', '2023-05-02 14:50:57'),
(20, 102, 'Rotura de vehículo', 'Falla eléctrica provocó el apagado de las luces del vehículo durante la noche, se resolvió con un fusible de repuesto.', '2023-03-24 21:15:40'),
(21, 187, 'Otro', 'Demora administrativa al cargar combustible por inconveniente con el surtidor de la estación habitual.', '2025-09-08 14:53:35'),
(22, 227, 'Accidente', 'Colisión leve por alcance en el tránsito lento de acceso a la ciudad, sin heridos ni daños a la mercadería.', '2025-10-25 19:42:54'),
(23, 123, 'Paquete dañado', 'Un bulto se mojó parcialmente debido a una filtración de agua en la lona del acoplado durante la lluvia.', '2025-07-21 15:02:45'),
(24, 27, 'Demora por clima', 'Camino cerrado temporalmente por nevada en zona de altura, se debió esperar la apertura del paso.', '2025-09-04 08:28:29'),
(25, 64, 'Rotura de vehículo', 'Sobrecalentamiento del motor obligó a detener el vehículo para dejar enfriar antes de continuar viaje.', '2025-08-21 15:10:54'),
(26, 86, 'Piquete / Corte de ruta', 'Corte de ruta nocturno por reclamo vecinal, se habilitó el paso recién luego de dos horas de espera.', '2025-02-11 23:16:34'),
(27, 121, 'Robo', 'Intento de sustracción de combustible del tanque durante una parada breve, se ahuyentó a tiempo.', '2025-01-23 22:00:37'),
(28, 235, 'Otro', 'Demora de aproximadamente 30 minutos por desvío señalizado debido a obras en la ruta.', '2024-09-16 09:51:29'),
(29, 81, 'Accidente', 'Despiste leve en banquina por superficie resbaladiza, el vehículo fue retirado sin asistencia de grúa.', '2024-06-07 14:19:23'),
(30, 77, 'Demora por clima', 'Granizo intenso obligó a detener la marcha durante 20 minutos hasta que mejoraron las condiciones.', '2025-08-01 19:41:17'),
(31, 173, 'Accidente', 'Roce lateral con un acoplado al maniobrar en una zona de carga estrecha. Daños superficiales en ambos vehículos, se intercambiaron datos.', '2026-05-11 16:20:00'),
(32, 209, 'Accidente', 'Choque contra un animal suelto en la ruta durante la madrugada. El vehículo sufrió abolladuras en el frente, sin heridos para el chofer.', '2026-05-20 03:30:00'),
(33, 237, 'Accidente', 'Despiste leve en una curva por pavimento mojado, el vehículo terminó en la banquina sin volcar. Se continuó el viaje tras una breve inspección.', '2026-05-27 18:45:00'),
(34, 243, 'Accidente', 'Colisión por alcance en ruta nocturna debido a frenado brusco del vehículo de adelante. Daños menores en el paragolpe delantero, sin heridos.', '2026-06-09 21:10:00'),
(35, 243, 'Accidente', 'Vuelco parcial de la carga al tomar una rotonda a velocidad inadecuada, sin daños estructurales al vehículo. Se reacomodó la mercadería antes de continuar.', '2026-06-10 09:05:00');

-- --------------------------------------------------------

--
-- Estructura de tabla para la tabla `localidad`
--

CREATE TABLE `localidad` (
  `id_localidad` int(11) NOT NULL,
  `nombre` varchar(50) NOT NULL,
  `id_provincia` int(11) NOT NULL
) ENGINE=InnoDB DEFAULT CHARSET=utf8mb4 COLLATE=utf8mb4_general_ci;

--
-- Volcado de datos para la tabla `localidad`
--

INSERT INTO `localidad` (`id_localidad`, `nombre`, `id_provincia`) VALUES
(1, 'Ciudad Autónoma de Buenos Aires', 2),
(2, 'La Plata', 1),
(3, 'Mar del Plata', 1),
(4, 'Bahía Blanca', 1),
(5, 'Tandil', 1),
(6, 'Olavarría', 1),
(7, 'Quilmes', 1),
(8, 'Tigre', 1),
(9, 'San Fernando del Valle de Catamarca', 3),
(10, 'Belén', 3),
(11, 'Andalgalá', 3),
(12, 'Tinogasta', 3),
(13, 'Resistencia', 4),
(14, 'Presidencia Roque Sáenz Peña', 4),
(15, 'Villa Ángela', 4),
(16, 'Castelli', 4),
(17, 'Rawson', 5),
(18, 'Comodoro Rivadavia', 5),
(19, 'Trelew', 5),
(20, 'Puerto Madryn', 5),
(21, 'Esquel', 5),
(22, 'Córdoba', 6),
(23, 'Río Cuarto', 6),
(24, 'Villa Carlos Paz', 6),
(25, 'San Francisco', 6),
(26, 'Villa María', 6),
(27, 'Corrientes', 7),
(28, 'Goya', 7),
(29, 'Paso de los Libres', 7),
(30, 'Mercedes', 7),
(31, 'Paraná', 8),
(32, 'Concordia', 8),
(33, 'Gualeguaychú', 8),
(34, 'Concepción del Uruguay', 8),
(35, 'Formosa', 9),
(36, 'Clorinda', 9),
(37, 'Pirané', 9),
(38, 'San Salvador de Jujuy', 10),
(39, 'San Pedro', 10),
(40, 'Perico', 10),
(41, 'Tilcara', 10),
(42, 'La Quiaca', 10),
(43, 'Santa Rosa', 11),
(44, 'General Pico', 11),
(45, 'Toay', 11),
(46, 'General Acha', 11),
(47, 'La Rioja', 12),
(48, 'Chilecito', 12),
(49, 'Chamical', 12),
(50, 'Mendoza (Capital)', 13),
(51, 'Godoy Cruz', 13),
(52, 'Guaymallén', 13),
(53, 'Las Heras', 13),
(54, 'Luján de Cuyo', 13),
(55, 'Maipú', 13),
(56, 'San Martín', 13),
(57, 'San Rafael', 13),
(58, 'Malargüe', 13),
(59, 'General Alvear', 13),
(60, 'Tunuyán', 13),
(61, 'Tupungato', 13),
(62, 'San Carlos', 13),
(63, 'Rivadavia', 13),
(64, 'Junín', 13),
(65, 'Santa Rosa', 13),
(66, 'La Paz', 13),
(67, 'Lavalle', 13),
(68, 'Chacras de Coria', 13),
(69, 'Uspallata', 13),
(70, 'Palmira', 13),
(71, 'Bowen', 13),
(72, 'Vista Flores', 13),
(73, 'Eugenio Bustos', 13),
(74, 'Villa Atuel', 13),
(75, 'Fray Luis Beltrán', 13),
(76, 'Coquimbito', 13),
(77, 'Posadas', 14),
(78, 'Oberá', 14),
(79, 'Puerto Iguazú', 14),
(80, 'Eldorado', 14),
(81, 'Neuquén', 15),
(82, 'San Martín de los Andes', 15),
(83, 'Zapala', 15),
(84, 'Villa La Angostura', 15),
(85, 'Viedma', 16),
(86, 'San Carlos de Bariloche', 16),
(87, 'General Roca', 16),
(88, 'Cipolletti', 16),
(89, 'Salta', 17),
(90, 'San Ramón de la Nueva Orán', 17),
(91, 'Tartagal', 17),
(92, 'Cafayate', 17),
(93, 'San Juan', 18),
(94, 'Rawson', 18),
(95, 'Caucete', 18),
(96, 'Jáchal', 18),
(97, 'San Luis', 19),
(98, 'Villa Mercedes', 19),
(99, 'Merlo', 19),
(100, 'Juana Koslay', 19),
(101, 'Río Gallegos', 20),
(102, 'Caleta Olivia', 20),
(103, 'El Calafate', 20),
(104, 'Pico Truncado', 20),
(105, 'Santa Fe', 21),
(106, 'Rosario', 21),
(107, 'Rafaela', 21),
(108, 'Venado Tuerto', 21),
(109, 'Reconquista', 21),
(110, 'Santiago del Estero', 22),
(111, 'La Banda', 22),
(112, 'Termas de Río Hondo', 22),
(113, 'Frías', 22),
(114, 'Ushuaia', 23),
(115, 'Río Grande', 23),
(116, 'Tolhuin', 23),
(117, 'San Miguel de Tucumán', 24),
(118, 'Yerba Buena', 24),
(119, 'Tafí Viejo', 24),
(120, 'Concepción', 24);

-- --------------------------------------------------------

--
-- Estructura de tabla para la tabla `provincia`
--

CREATE TABLE `provincia` (
  `id_provincia` int(11) NOT NULL,
  `nombre` varchar(50) NOT NULL
) ENGINE=InnoDB DEFAULT CHARSET=utf8mb4 COLLATE=utf8mb4_general_ci;

--
-- Volcado de datos para la tabla `provincia`
--

INSERT INTO `provincia` (`id_provincia`, `nombre`) VALUES
(1, 'Buenos Aires'),
(2, 'Ciudad Autónoma de Buenos Aires'),
(3, 'Catamarca'),
(4, 'Chaco'),
(5, 'Chubut'),
(6, 'Córdoba'),
(7, 'Corrientes'),
(8, 'Entre Ríos'),
(9, 'Formosa'),
(10, 'Jujuy'),
(11, 'La Pampa'),
(12, 'La Rioja'),
(13, 'Mendoza'),
(14, 'Misiones'),
(15, 'Neuquén'),
(16, 'Río Negro'),
(17, 'Salta'),
(18, 'San Juan'),
(19, 'San Luis'),
(20, 'Santa Cruz'),
(21, 'Santa Fe'),
(22, 'Santiago del Estero'),
(23, 'Tierra del Fuego'),
(24, 'Tucumán');

-- --------------------------------------------------------

--
-- Estructura de tabla para la tabla `rol`
--

CREATE TABLE `rol` (
  `id_rol` int(11) NOT NULL,
  `nombre` varchar(50) NOT NULL
) ENGINE=InnoDB DEFAULT CHARSET=utf8mb4 COLLATE=utf8mb4_general_ci;

--
-- Volcado de datos para la tabla `rol`
--

INSERT INTO `rol` (`id_rol`, `nombre`) VALUES
(1, 'admin'),
(2, 'chofer'),
(3, 'cliente'),
(4, 'empleado');

-- --------------------------------------------------------

--
-- Estructura de tabla para la tabla `sucursal`
--

CREATE TABLE `sucursal` (
  `id_sucursal` int(11) NOT NULL,
  `nombre` varchar(50) NOT NULL,
  `telefono` varchar(20) DEFAULT NULL,
  `responsable` varchar(50) DEFAULT NULL,
  `id_localidad` int(11) NOT NULL
) ENGINE=InnoDB DEFAULT CHARSET=utf8mb4 COLLATE=utf8mb4_general_ci;

--
-- Volcado de datos para la tabla `sucursal`
--

INSERT INTO `sucursal` (`id_sucursal`, `nombre`, `telefono`, `responsable`, `id_localidad`) VALUES
(1, 'Sucursal CABA Centro', '011-4555-1234', 'Juan Pérez', 1),
(2, 'Sucursal CABA Retiro', '011-4555-5678', 'Ana Luján', 1),
(3, 'Sucursal La Plata Central', '0221-489-5555', 'María Gómez', 2),
(4, 'Sucursal Mar del Plata', '0223-499-8888', 'Carlos Ruiz', 3),
(5, 'Sucursal Catamarca Central', '0383-422-1111', 'Laura Vega', 9),
(6, 'Sucursal Belén', '03835-422-2222', 'Mario Díaz', 10),
(7, 'Sucursal Resistencia', '0362-444-2222', 'Luis Paz', 13),
(8, 'Sucursal Sáenz Peña', '0364-422-1111', 'Carla Castro', 14),
(9, 'Sucursal Rawson', '0280-448-1111', 'Héctor Silva', 17),
(10, 'Sucursal Comodoro Rivadavia', '0297-446-2222', 'Silvia Ramos', 18),
(11, 'Sucursal Córdoba Centro', '0351-411-2222', 'Jorge Medina', 22),
(12, 'Sucursal Río Cuarto', '0358-422-7777', 'Sofía Arce', 23),
(13, 'Sucursal Corrientes', '0379-442-1111', 'Ramón Sosa', 27),
(14, 'Sucursal Goya', '03777-422-2222', 'Lucía Flores', 28),
(15, 'Sucursal Paraná', '0343-422-3333', 'Diego López', 31),
(16, 'Sucursal Concordia', '0345-421-4444', 'Elena Ríos', 32),
(17, 'Sucursal Formosa Capital', '0370-442-5555', 'Víctor Mora', 35),
(18, 'Sucursal Clorinda', '03718-422-6666', 'Mónica Luna', 36),
(19, 'Sucursal San Salvador', '0388-422-7777', 'Pablo Vera', 38),
(20, 'Sucursal San Pedro (Jujuy)', '03884-422-8888', 'Rosa Pinto', 39),
(21, 'Sucursal Santa Rosa', '02954-422-9999', 'Fernando Rey', 43),
(22, 'Sucursal General Pico', '02302-421-1111', 'Alicia Caro', 44),
(23, 'Sucursal La Rioja Capital', '0380-442-2222', 'Eduardo Paz', 47),
(24, 'Sucursal Chilecito', '03825-422-3333', 'Carmen Cruz', 48),
(25, 'Sucursal Mendoza Capital', '0261-422-3333', 'Martín Guzmán', 50),
(26, 'Sucursal Godoy Cruz', '0261-433-4444', 'Julieta Silva', 51),
(27, 'Sucursal Posadas', '0376-444-7777', 'Andrés Núñez', 77),
(28, 'Sucursal Iguazú', '03757-422-9999', 'Paula Ortiz', 79),
(29, 'Sucursal Neuquén Capital', '0299-444-1111', 'Marcos Rivas', 81),
(30, 'Sucursal San Martín de los Andes', '02972-422-3333', 'Daniela Gil', 82),
(31, 'Sucursal Bariloche', '0294-444-5555', 'Gabriel Soto', 86),
(32, 'Sucursal Viedma', '02920-422-6666', 'Lorena Arce', 85),
(33, 'Sucursal Salta Capital', '0387-411-5555', 'Roberto Tapia', 89),
(34, 'Sucursal Tartagal', '03873-422-8888', 'Teresa Blanco', 91),
(35, 'Sucursal San Juan', '0264-422-1111', 'Héctor Arias', 93),
(36, 'Sucursal Caucete', '0264-496-2222', 'Raquel Gómez', 95),
(37, 'Sucursal San Luis Capital', '0266-442-3333', 'Julio Velez', 97),
(38, 'Sucursal Villa Mercedes', '02652-422-4444', 'Cecilia Páez', 98),
(39, 'Sucursal Río Gallegos', '02966-422-5555', 'Hugo Mena', 101),
(40, 'Sucursal Caleta Olivia', '0297-485-6666', 'Gloria Pino', 102),
(41, 'Sucursal Rosario', '0341-488-9999', 'Fabián Torres', 106),
(42, 'Sucursal Santa Fe Central', '0342-455-6666', 'Irene Castro', 105),
(43, 'Sucursal Sgo. del Estero', '0385-422-7777', 'Tomás Aguilar', 110),
(44, 'Sucursal La Banda', '0385-427-8888', 'Valeria Solís', 111),
(45, 'Sucursal Ushuaia', '02901-422-9999', 'Osvaldo Marín', 114),
(46, 'Sucursal Río Grande', '02964-422-1111', 'Patricia León', 115),
(47, 'Sucursal San Miguel', '0381-422-1111', 'Guillermo Alba', 117),
(48, 'Sucursal Yerba Buena', '0381-433-2222', 'Beatriz Ruiz', 118);

-- --------------------------------------------------------

--
-- Estructura de tabla para la tabla `tipo_contenido`
--

CREATE TABLE `tipo_contenido` (
  `id_tipo_cont` int(11) NOT NULL,
  `nombre` varchar(50) NOT NULL,
  `requiere_seguro` tinyint(1) DEFAULT NULL,
  `descripcion` varchar(100) DEFAULT NULL
) ENGINE=InnoDB DEFAULT CHARSET=utf8mb4 COLLATE=utf8mb4_general_ci;

--
-- Volcado de datos para la tabla `tipo_contenido`
--

INSERT INTO `tipo_contenido` (`id_tipo_cont`, `nombre`, `requiere_seguro`, `descripcion`) VALUES
(1, 'Documentación', 0, 'Envío de papeles sin valor comercial.'),
(2, 'Estándar', 0, 'Carga general que no requiere cuidados especiales.'),
(3, 'Frágil', 1, 'Artículos que requieren manipulación delicada y protección contra impactos.'),
(4, 'Pesado', 1, 'Carga que excede dimensiones o pesos convencionales, requiere equipo especial.'),
(5, 'Peligroso', 1, 'Productos inflamables, químicos o materiales con restricciones legales.'),
(6, 'Tecnológico', 1, 'Equipos electrónicos de alto valor que requieren seguro obligatorio.');

-- --------------------------------------------------------

--
-- Estructura de tabla para la tabla `tipo_estado`
--

CREATE TABLE `tipo_estado` (
  `id_estado` int(11) NOT NULL,
  `nombre` varchar(50) NOT NULL
) ENGINE=InnoDB DEFAULT CHARSET=utf8mb4 COLLATE=utf8mb4_general_ci;

--
-- Volcado de datos para la tabla `tipo_estado`
--

INSERT INTO `tipo_estado` (`id_estado`, `nombre`) VALUES
(1, 'Pendiente'),
(2, 'En tránsito'),
(3, 'Ingresado en sucursal destino'),
(4, 'Entregado'),
(5, 'Cancelado'),
(6, 'Con incidencias'),
(7, 'Devuelto al remitente');

-- --------------------------------------------------------

--
-- Estructura de tabla para la tabla `tipo_vehiculo`
--

CREATE TABLE `tipo_vehiculo` (
  `id_tipo_veh` int(11) NOT NULL,
  `nombre` varchar(50) NOT NULL,
  `capacidad_kg_max` int(11) DEFAULT NULL,
  `requiere_licencia_especial` tinyint(1) DEFAULT NULL
) ENGINE=InnoDB DEFAULT CHARSET=utf8mb4 COLLATE=utf8mb4_general_ci;

--
-- Volcado de datos para la tabla `tipo_vehiculo`
--

INSERT INTO `tipo_vehiculo` (`id_tipo_veh`, `nombre`, `capacidad_kg_max`, `requiere_licencia_especial`) VALUES
(1, 'Motocicleta', 50, 0),
(2, 'Utilitario Liviano', 600, 0),
(3, 'Furgón Mediano', 1500, 0),
(4, 'Camión 3/4', 4000, 1),
(5, 'Camión Pesado', 10000, 1),
(6, 'Semirremolque', 25000, 1);

-- --------------------------------------------------------

--
-- Estructura de tabla para la tabla `usuario`
--

CREATE TABLE `usuario` (
  `id_usuario` int(11) NOT NULL,
  `email` varchar(100) NOT NULL,
  `dni` varchar(15) NOT NULL,
  `nombre` varchar(50) NOT NULL,
  `apellido` varchar(50) NOT NULL,
  `password_hash` varchar(255) NOT NULL,
  `id_rol` int(11) NOT NULL,
  `id_cliente` int(11) DEFAULT NULL,
  `id_chofer` int(11) DEFAULT NULL,
  `id_empleado` int(11) DEFAULT NULL,
  `activo` tinyint(1) DEFAULT 1
) ENGINE=InnoDB DEFAULT CHARSET=utf8mb4 COLLATE=utf8mb4_general_ci;

--
-- Volcado de datos para la tabla `usuario`
--

INSERT INTO `usuario` (`id_usuario`, `email`, `dni`, `nombre`, `apellido`, `password_hash`, `id_rol`, `id_cliente`, `id_chofer`, `id_empleado`, `activo`) VALUES
(1, 'admin1@ejemplo.com', '11111111', 'Admin1', 'Sistema', '$2y$10$nmTcpRxs.RFUstkJJms6U.AW61Jmr64s9VNQLuhpU8gYrgzCapwka', 1, NULL, NULL, NULL, 1),
(2, 'lumontu@gmail.com', '20309210', 'Lucila', 'Montuori', '$2y$10$3b0ScTRh4Q1f2fnRBGLFheX/aGwkUXfFpKVJYrZAYrUMhm1TB/XpO', 3, 1001, NULL, NULL, 1),
(3, 'messi10@gmail.com', '22222222', 'Lionel', 'Messi', '$2y$10$5xRy7Hn6FMDwogSmlX11eescs25E.Hq9Gqe3Hw2vBy1eQx5ToGqK.', 2, NULL, 481, NULL, 1),
(4, 'angelito11@gmail.com', '18122022', 'Angel', 'Di Maria', '$2y$10$WqtU55qTl/rludcFw0abMeZ5FnGMMip8tZYDE.jJd/lGstXnHxfRu', 4, NULL, NULL, 1, 1),
(8, 'naiqui2007@gmail.com', '47966491', 'Naiquén', 'Flores', '$2y$10$KkygrKiV6YBe2rKLuxCAXe/uUiUcEDfodxkFBE0PV.q4G7vJ/Oy.e', 3, NULL, NULL, NULL, 1),
(9, 'gonzaloant1234@gmail.com', '21222222', 'Gonzalo', 'Antón', '$2y$10$gP4cUNd2q2CARLxdkUMo5ukTi2Vy85qv3TiEYv5jLxO1K05RUFudq', 3, NULL, NULL, NULL, 1),
(10, 'richi@gmail.com', '91000111', 'Richard', 'Rios', '$2y$10$w7vLRUrJV1BGpV6RoyaxPeMTOvobQmcyC8ysEGuzyQFaLqn0aXgjS', 4, NULL, NULL, NULL, 1),
(12, 'olivaleo@gmail.com', '12345678', 'Leo', 'Oliva', '$2y$10$Jn6wTQ7nBcSf.oVMUJafV.kTIR8jqr03nLMAhhqbjayELjynyxjFC', 3, NULL, NULL, NULL, 1),
(14, 'abaronalmada@gmail.com', '11333444', 'Abaron', 'Aalmada', '$2y$10$NksaPlYtxp813Et9wxvJzuTz.NkzbR8Z1FzZq3pmEzzPfPIECQFTa', 3, NULL, NULL, NULL, 1);

-- --------------------------------------------------------

--
-- Estructura de tabla para la tabla `vehiculo`
--

CREATE TABLE `vehiculo` (
  `patente` varchar(20) NOT NULL,
  `id_tipo_veh` int(11) NOT NULL,
  `marca` varchar(50) DEFAULT NULL,
  `modelo` varchar(50) DEFAULT NULL,
  `id_sucursal` int(11) NOT NULL
) ENGINE=InnoDB DEFAULT CHARSET=utf8mb4 COLLATE=utf8mb4_general_ci;

--
-- Volcado de datos para la tabla `vehiculo`
--

INSERT INTO `vehiculo` (`patente`, `id_tipo_veh`, `marca`, `modelo`, `id_sucursal`) VALUES
('AB123CD', 1, 'Honda', 'Wave 110', 1),
('AC294FG', 2, 'Renault', 'Kangoo', 1),
('AD582JK', 3, 'Mercedes-Benz', 'Sprinter', 1),
('AE901TR', 4, 'Volkswagen', 'Delivery', 1),
('AF772PL', 5, 'Scania', 'G410', 1),
('AG552MQ', 6, 'Mercedes-Benz', 'Accelo Frio', 1),
('AH183ZS', 2, 'Fiat', 'Fiorino', 1),
('AI402BN', 3, 'Iveco', 'Daily', 1),
('AJ901QP', 2, 'Peugeot', 'Partner', 1),
('AK772LM', 3, 'Hyundai', 'H100', 1),
('AL552RT', 4, 'Ford', 'Cargo 916', 1),
('AM183FG', 5, 'Volvo', 'FH440', 1),
('AN402JK', 6, 'Volkswagen', 'Constellation Frio', 1),
('AO901TR', 2, 'Citroën', 'Berlingo', 1),
('AP772PL', 3, 'Peugeot', 'Boxer', 1),
('AQ552MQ', 1, 'Yamaha', 'FZ25', 2),
('AR183ZS', 2, 'Renault', 'Kangoo', 2),
('AS402BN', 3, 'Mercedes-Benz', 'Sprinter', 2),
('AT901QP', 4, 'Mercedes-Benz', 'Accelo 815', 2),
('AU772LM', 5, 'Iveco', 'Stralis', 2),
('AV552RT', 6, 'Mercedes-Benz', 'Sprinter Frio', 2),
('AW183FG', 2, 'Fiat', 'Fiorino', 2),
('AX402JK', 3, 'Iveco', 'Daily', 2),
('AY901TR', 2, 'Peugeot', 'Partner', 2),
('AZ772PL', 3, 'Hyundai', 'H100', 2),
('BA552MQ', 4, 'Volkswagen', 'Delivery', 2),
('BB183ZS', 5, 'Scania', 'G410', 2),
('BC402BN', 6, 'Volkswagen', 'Constellation Frio', 2),
('BD901QP', 2, 'Citroën', 'Berlingo', 2),
('BE772LM', 3, 'Peugeot', 'Boxer', 2),
('BF552RT', 1, 'Motomel', 'Blitz 110', 3),
('BG183FG', 2, 'Renault', 'Kangoo', 3),
('BH402JK', 3, 'Mercedes-Benz', 'Sprinter', 3),
('BI901TR', 4, 'Ford', 'Cargo 916', 3),
('BJ772PL', 5, 'Volvo', 'FH440', 3),
('BK552MQ', 6, 'Mercedes-Benz', 'Accelo Frio', 3),
('BL183ZS', 2, 'Fiat', 'Fiorino', 3),
('BM402BN', 3, 'Iveco', 'Daily', 3),
('BN901QP', 2, 'Peugeot', 'Partner', 3),
('BO772LM', 3, 'Hyundai', 'H100', 3),
('BP552RT', 4, 'Volkswagen', 'Delivery', 3),
('BQ183FG', 5, 'Scania', 'G410', 3),
('BR402JK', 6, 'Volkswagen', 'Constellation Frio', 3),
('BS901TR', 2, 'Citroën', 'Berlingo', 3),
('BT772PL', 3, 'Peugeot', 'Boxer', 3),
('BU552MQ', 1, 'Zanella', 'ZB110', 4),
('BV183ZS', 2, 'Renault', 'Kangoo', 4),
('BW402BN', 3, 'Mercedes-Benz', 'Sprinter', 4),
('BX901QP', 4, 'Mercedes-Benz', 'Accelo 815', 4),
('BY772LM', 5, 'Iveco', 'Stralis', 4),
('BZ552RT', 6, 'Mercedes-Benz', 'Sprinter Frio', 4),
('CA183FG', 2, 'Fiat', 'Fiorino', 4),
('CB402JK', 3, 'Iveco', 'Daily', 4),
('CC901TR', 2, 'Peugeot', 'Partner', 4),
('CD772PL', 3, 'Hyundai', 'H100', 4),
('CE552MQ', 4, 'Volkswagen', 'Delivery', 4),
('CF183ZS', 5, 'Scania', 'G410', 4),
('CG402BN', 6, 'Volkswagen', 'Constellation Frio', 4),
('CH901QP', 2, 'Citroën', 'Berlingo', 4),
('CI772LM', 3, 'Peugeot', 'Boxer', 4),
('CJ552RT', 1, 'Honda', 'CG150', 5),
('CK183FG', 2, 'Renault', 'Kangoo', 5),
('CL402JK', 3, 'Mercedes-Benz', 'Sprinter', 5),
('CM901TR', 4, 'Ford', 'Cargo 916', 5),
('CN772PL', 5, 'Volvo', 'FH440', 5),
('CO552MQ', 6, 'Mercedes-Benz', 'Accelo Frio', 5),
('CP183ZS', 2, 'Fiat', 'Fiorino', 5),
('CQ402BN', 3, 'Iveco', 'Daily', 5),
('CR901QP', 2, 'Peugeot', 'Partner', 5),
('CS772LM', 3, 'Hyundai', 'H100', 5),
('CT552RT', 4, 'Volkswagen', 'Delivery', 5),
('CU183FG', 5, 'Scania', 'G410', 5),
('CV402JK', 6, 'Volkswagen', 'Constellation Frio', 5),
('CW901TR', 2, 'Citroën', 'Berlingo', 5),
('CX772PL', 3, 'Peugeot', 'Boxer', 5),
('CY552MQ', 1, 'Honda', 'Wave 110', 6),
('CZ183ZS', 2, 'Renault', 'Kangoo', 6),
('DA402BN', 3, 'Mercedes-Benz', 'Sprinter', 6),
('DB901QP', 4, 'Volkswagen', 'Delivery', 6),
('DC772LM', 5, 'Scania', 'G410', 6),
('DD552RT', 6, 'Mercedes-Benz', 'Accelo Frio', 6),
('DE183FG', 2, 'Fiat', 'Fiorino', 6),
('DF402JK', 3, 'Iveco', 'Daily', 6),
('DG901TR', 2, 'Peugeot', 'Partner', 6),
('DH772PL', 3, 'Hyundai', 'H100', 6),
('DI552MQ', 4, 'Ford', 'Cargo 916', 6),
('DJ183ZS', 5, 'Volvo', 'FH440', 6),
('DK402BN', 6, 'Volkswagen', 'Constellation Frio', 6),
('DL901QP', 2, 'Citroën', 'Berlingo', 6),
('DM772LM', 3, 'Peugeot', 'Boxer', 6),
('DN552RT', 1, 'Yamaha', 'FZ25', 7),
('DO183FG', 2, 'Renault', 'Kangoo', 7),
('DP402JK', 3, 'Mercedes-Benz', 'Sprinter', 7),
('DQ901TR', 4, 'Mercedes-Benz', 'Accelo 815', 7),
('DR772PL', 5, 'Iveco', 'Stralis', 7),
('DS552MQ', 6, 'Mercedes-Benz', 'Sprinter Frio', 7),
('DT183ZS', 2, 'Fiat', 'Fiorino', 7),
('DU402BN', 3, 'Iveco', 'Daily', 7),
('DV901QP', 2, 'Peugeot', 'Partner', 7),
('DW772LM', 3, 'Hyundai', 'H100', 7),
('DX552RT', 4, 'Volkswagen', 'Delivery', 7),
('DY183FG', 5, 'Scania', 'G410', 7),
('DZ402JK', 6, 'Volkswagen', 'Constellation Frio', 7),
('EA901TR', 2, 'Citroën', 'Berlingo', 7),
('EB772PL', 3, 'Peugeot', 'Boxer', 7),
('EC552MQ', 1, 'Motomel', 'Blitz 110', 8),
('ED183ZS', 2, 'Renault', 'Kangoo', 8),
('EE402BN', 3, 'Mercedes-Benz', 'Sprinter', 8),
('EF901QP', 4, 'Ford', 'Cargo 916', 8),
('EG772LM', 5, 'Volvo', 'FH440', 8),
('EH552RT', 6, 'Mercedes-Benz', 'Accelo Frio', 8),
('EI183FG', 2, 'Fiat', 'Fiorino', 8),
('EJ402JK', 3, 'Iveco', 'Daily', 8),
('EK901TR', 2, 'Peugeot', 'Partner', 8),
('EL772PL', 3, 'Hyundai', 'H100', 8),
('EM552MQ', 4, 'Volkswagen', 'Delivery', 8),
('EN183ZS', 5, 'Scania', 'G410', 8),
('EO402BN', 6, 'Volkswagen', 'Constellation Frio', 8),
('EP901QP', 2, 'Citroën', 'Berlingo', 8),
('EQ772LM', 3, 'Peugeot', 'Boxer', 8),
('ER552RT', 1, 'Zanella', 'ZB110', 9),
('ES183FG', 2, 'Renault', 'Kangoo', 9),
('ET402JK', 3, 'Mercedes-Benz', 'Sprinter', 9),
('EU901TR', 4, 'Mercedes-Benz', 'Accelo 815', 9),
('EV772PL', 5, 'Iveco', 'Stralis', 9),
('EW552MQ', 6, 'Mercedes-Benz', 'Sprinter Frio', 9),
('EX183ZS', 2, 'Fiat', 'Fiorino', 9),
('EY402BN', 3, 'Iveco', 'Daily', 9),
('EZ901QP', 2, 'Peugeot', 'Partner', 9),
('FA772LM', 3, 'Hyundai', 'H100', 9),
('FB552RT', 4, 'Volkswagen', 'Delivery', 9),
('FC183FG', 5, 'Scania', 'G410', 9),
('FD402JK', 6, 'Volkswagen', 'Constellation Frio', 9),
('FE901TR', 2, 'Citroën', 'Berlingo', 9),
('FF772PL', 3, 'Peugeot', 'Boxer', 9),
('FG552MQ', 1, 'Honda', 'Wave 110', 10),
('FH183ZS', 2, 'Renault', 'Kangoo', 10),
('FI402BN', 3, 'Mercedes-Benz', 'Sprinter', 10),
('FJ901QP', 4, 'Volkswagen', 'Delivery', 10),
('FK772LM', 5, 'Scania', 'G410', 10),
('FL552RT', 6, 'Mercedes-Benz', 'Accelo Frio', 10),
('FM183FG', 2, 'Fiat', 'Fiorino', 10),
('FN402JK', 3, 'Iveco', 'Daily', 10),
('FO901TR', 2, 'Peugeot', 'Partner', 10),
('FP772PL', 3, 'Hyundai', 'H100', 10),
('FQ552MQ', 4, 'Ford', 'Cargo 916', 10),
('FR183ZS', 5, 'Volvo', 'FH440', 10),
('FS402BN', 6, 'Volkswagen', 'Constellation Frio', 10),
('FT901QP', 2, 'Citroën', 'Berlingo', 10),
('FU772LM', 3, 'Peugeot', 'Boxer', 10),
('FV552RT', 1, 'Yamaha', 'FZ25', 11),
('FW183FG', 2, 'Renault', 'Kangoo', 11),
('FX402JK', 3, 'Mercedes-Benz', 'Sprinter', 11),
('FY901TR', 4, 'Mercedes-Benz', 'Accelo 815', 11),
('FZ772PL', 5, 'Iveco', 'Stralis', 11),
('GA552MQ', 6, 'Mercedes-Benz', 'Sprinter Frio', 11),
('GB183ZS', 2, 'Fiat', 'Fiorino', 11),
('GC402BN', 3, 'Iveco', 'Daily', 11),
('GD901QP', 2, 'Peugeot', 'Partner', 11),
('GE772LM', 3, 'Hyundai', 'H100', 11),
('GF552RT', 4, 'Volkswagen', 'Delivery', 11),
('GG183FG', 5, 'Scania', 'G410', 11),
('GH402JK', 6, 'Volkswagen', 'Constellation Frio', 11),
('GI901TR', 2, 'Citroën', 'Berlingo', 11),
('GJ772PL', 3, 'Peugeot', 'Boxer', 11),
('GK552MQ', 1, 'Motomel', 'Blitz 110', 12),
('GL183ZS', 2, 'Renault', 'Kangoo', 12),
('GM402BN', 3, 'Mercedes-Benz', 'Sprinter', 12),
('GN901QP', 4, 'Ford', 'Cargo 916', 12),
('GO772LM', 5, 'Volvo', 'FH440', 12),
('GP552RT', 6, 'Mercedes-Benz', 'Accelo Frio', 12),
('GQ183FG', 2, 'Fiat', 'Fiorino', 12),
('GR402JK', 3, 'Iveco', 'Daily', 12),
('GS901TR', 2, 'Peugeot', 'Partner', 12),
('GT772PL', 3, 'Hyundai', 'H100', 12),
('GU552MQ', 4, 'Volkswagen', 'Delivery', 12),
('GV183ZS', 5, 'Scania', 'G410', 12),
('GW402BN', 6, 'Volkswagen', 'Constellation Frio', 12),
('GX901QP', 2, 'Citroën', 'Berlingo', 12),
('GY772LM', 3, 'Peugeot', 'Boxer', 12),
('GZ552RT', 1, 'Zanella', 'ZB110', 13),
('HA183FG', 2, 'Renault', 'Kangoo', 13),
('HB402JK', 3, 'Mercedes-Benz', 'Sprinter', 13),
('HC901TR', 4, 'Mercedes-Benz', 'Accelo 815', 13),
('HD772PL', 5, 'Iveco', 'Stralis', 13),
('HE552MQ', 6, 'Mercedes-Benz', 'Sprinter Frio', 13),
('HF183ZS', 2, 'Fiat', 'Fiorino', 13),
('HG402BN', 3, 'Iveco', 'Daily', 13),
('HH901QP', 2, 'Peugeot', 'Partner', 13),
('HI772LM', 3, 'Hyundai', 'H100', 13),
('HJ552RT', 4, 'Volkswagen', 'Delivery', 13),
('HK183FG', 5, 'Scania', 'G410', 13),
('HL402JK', 6, 'Volkswagen', 'Constellation Frio', 13),
('HM901TR', 2, 'Citroën', 'Berlingo', 13),
('HN772PL', 3, 'Peugeot', 'Boxer', 13),
('HO552MQ', 1, 'Honda', 'CG150', 14),
('HP183ZS', 2, 'Renault', 'Kangoo', 14),
('HQ402BN', 3, 'Mercedes-Benz', 'Sprinter', 14),
('HR901QP', 4, 'Volkswagen', 'Delivery', 14),
('HS772LM', 5, 'Scania', 'G410', 14),
('HT552RT', 6, 'Mercedes-Benz', 'Accelo Frio', 14),
('HU183FG', 2, 'Fiat', 'Fiorino', 14),
('HV402JK', 3, 'Iveco', 'Daily', 14),
('HW901TR', 2, 'Peugeot', 'Partner', 14),
('HX772PL', 3, 'Hyundai', 'H100', 14),
('HY552MQ', 4, 'Ford', 'Cargo 916', 14),
('HZ183ZS', 5, 'Volvo', 'FH440', 14),
('IA402BN', 6, 'Volkswagen', 'Constellation Frio', 14),
('IB901QP', 2, 'Citroën', 'Berlingo', 14),
('IC772LM', 3, 'Peugeot', 'Boxer', 14),
('ID552RT', 1, 'Honda', 'Wave 110', 15),
('IE183FG', 2, 'Renault', 'Kangoo', 15),
('IF402JK', 3, 'Mercedes-Benz', 'Sprinter', 15),
('IG901TR', 4, 'Volkswagen', 'Delivery', 15),
('IH772PL', 5, 'Scania', 'G410', 15),
('II552MQ', 6, 'Mercedes-Benz', 'Accelo Frio', 15),
('IJ183ZS', 2, 'Fiat', 'Fiorino', 15),
('IK402BN', 3, 'Iveco', 'Daily', 15),
('IL901QP', 2, 'Peugeot', 'Partner', 15),
('IM772LM', 3, 'Hyundai', 'H100', 15),
('IN552RT', 4, 'Ford', 'Cargo 916', 15),
('IO183FG', 5, 'Volvo', 'FH440', 15),
('IP402JK', 6, 'Volkswagen', 'Constellation Frio', 15),
('IQ901TR', 2, 'Citroën', 'Berlingo', 15),
('IR772PL', 3, 'Peugeot', 'Boxer', 15),
('IS552MQ', 1, 'Yamaha', 'FZ25', 16),
('IT183ZS', 2, 'Renault', 'Kangoo', 16),
('IU402BN', 3, 'Mercedes-Benz', 'Sprinter', 16),
('IV901QP', 4, 'Mercedes-Benz', 'Accelo 815', 16),
('IW772LM', 5, 'Iveco', 'Stralis', 16),
('IX552RT', 6, 'Mercedes-Benz', 'Sprinter Frio', 16),
('IY183FG', 2, 'Fiat', 'Fiorino', 16),
('IZ402JK', 3, 'Iveco', 'Daily', 16),
('JA901TR', 2, 'Peugeot', 'Partner', 16),
('JB772PL', 3, 'Hyundai', 'H100', 16),
('JC552MQ', 4, 'Volkswagen', 'Delivery', 16),
('JD183ZS', 5, 'Scania', 'G410', 16),
('JE402BN', 6, 'Volkswagen', 'Constellation Frio', 16),
('JF901QP', 2, 'Citroën', 'Berlingo', 16),
('JG772LM', 3, 'Peugeot', 'Boxer', 16),
('JH552RT', 1, 'Motomel', 'Blitz 110', 17),
('JI183FG', 2, 'Renault', 'Kangoo', 17),
('JJ402JK', 3, 'Mercedes-Benz', 'Sprinter', 17),
('JK901TR', 4, 'Ford', 'Cargo 916', 17),
('JL772PL', 5, 'Volvo', 'FH440', 17),
('JM552MQ', 6, 'Mercedes-Benz', 'Accelo Frio', 17),
('JN183ZS', 2, 'Fiat', 'Fiorino', 17),
('JO402BN', 3, 'Iveco', 'Daily', 17),
('JP901QP', 2, 'Peugeot', 'Partner', 17),
('JQ772LM', 3, 'Hyundai', 'H100', 17),
('JR552RT', 4, 'Volkswagen', 'Delivery', 17),
('JS183FG', 5, 'Scania', 'G410', 17),
('JT402JK', 6, 'Volkswagen', 'Constellation Frio', 17),
('JU901TR', 2, 'Citroën', 'Berlingo', 17),
('JV772PL', 3, 'Peugeot', 'Boxer', 17),
('JW552MQ', 1, 'Zanella', 'ZB110', 18),
('JX183ZS', 2, 'Renault', 'Kangoo', 18),
('JY402BN', 3, 'Mercedes-Benz', 'Sprinter', 18),
('JZ901QP', 4, 'Mercedes-Benz', 'Accelo 815', 18),
('KA772LM', 5, 'Iveco', 'Stralis', 18),
('KB552RT', 6, 'Mercedes-Benz', 'Sprinter Frio', 18),
('KC183FG', 2, 'Fiat', 'Fiorino', 18),
('KD402JK', 3, 'Iveco', 'Daily', 18),
('KE901TR', 2, 'Peugeot', 'Partner', 18),
('KF772PL', 3, 'Hyundai', 'H100', 18),
('KG552MQ', 4, 'Volkswagen', 'Delivery', 18),
('KH183ZS', 5, 'Scania', 'G410', 18),
('KI402BN', 6, 'Volkswagen', 'Constellation Frio', 18),
('KJ901QP', 2, 'Citroën', 'Berlingo', 18),
('KK772LM', 3, 'Peugeot', 'Boxer', 18),
('KL552RT', 1, 'Honda', 'CG150', 19),
('KM183FG', 2, 'Renault', 'Kangoo', 19),
('KN402JK', 3, 'Mercedes-Benz', 'Sprinter', 19),
('KO901TR', 4, 'Volkswagen', 'Delivery', 19),
('KP772PL', 5, 'Scania', 'G410', 19),
('KQ552MQ', 6, 'Mercedes-Benz', 'Accelo Frio', 19),
('KR183ZS', 2, 'Fiat', 'Fiorino', 19),
('KS402BN', 3, 'Iveco', 'Daily', 19),
('KT901QP', 2, 'Peugeot', 'Partner', 19),
('KU772LM', 3, 'Hyundai', 'H100', 19),
('KV552RT', 4, 'Ford', 'Cargo 916', 19),
('KW183FG', 5, 'Volvo', 'FH440', 19),
('KX402JK', 6, 'Volkswagen', 'Constellation Frio', 19),
('KY901TR', 2, 'Citroën', 'Berlingo', 19),
('KZ772PL', 3, 'Peugeot', 'Boxer', 19),
('LA552MQ', 1, 'Honda', 'Wave 110', 20),
('LB183ZS', 2, 'Renault', 'Kangoo', 20),
('LC402BN', 3, 'Mercedes-Benz', 'Sprinter', 20),
('LD901QP', 4, 'Volkswagen', 'Delivery', 20),
('LE772LM', 5, 'Scania', 'G410', 20),
('LF552RT', 6, 'Mercedes-Benz', 'Accelo Frio', 20),
('LG183FG', 2, 'Fiat', 'Fiorino', 20),
('LH402JK', 3, 'Iveco', 'Daily', 20),
('LI901TR', 2, 'Peugeot', 'Partner', 20),
('LJ772PL', 3, 'Hyundai', 'H100', 20),
('LK552MQ', 4, 'Ford', 'Cargo 916', 20),
('LL183ZS', 5, 'Volvo', 'FH440', 20),
('LM402BN', 6, 'Volkswagen', 'Constellation Frio', 20),
('LN901QP', 2, 'Citroën', 'Berlingo', 20),
('LO772LM', 3, 'Peugeot', 'Boxer', 20),
('LP552RT', 1, 'Yamaha', 'FZ25', 21),
('LQ183FG', 2, 'Renault', 'Kangoo', 21),
('LR402JK', 3, 'Mercedes-Benz', 'Sprinter', 21),
('LS901TR', 4, 'Mercedes-Benz', 'Accelo 815', 21),
('LT772PL', 5, 'Iveco', 'Stralis', 21),
('LU552MQ', 6, 'Mercedes-Benz', 'Sprinter Frio', 21),
('LV183ZS', 2, 'Fiat', 'Fiorino', 21),
('LW402BN', 3, 'Iveco', 'Daily', 21),
('LX901QP', 2, 'Peugeot', 'Partner', 21),
('LY772LM', 3, 'Hyundai', 'H100', 21),
('LZ552RT', 4, 'Volkswagen', 'Delivery', 21),
('MA183FG', 5, 'Scania', 'G410', 21),
('MB402JK', 6, 'Volkswagen', 'Constellation Frio', 21),
('MC901TR', 2, 'Citroën', 'Berlingo', 21),
('MD772PL', 3, 'Peugeot', 'Boxer', 21),
('ME552MQ', 1, 'Motomel', 'Blitz 110', 22),
('MF183ZS', 2, 'Renault', 'Kangoo', 22),
('MG402BN', 3, 'Mercedes-Benz', 'Sprinter', 22),
('MH901QP', 4, 'Ford', 'Cargo 916', 22),
('MI772LM', 5, 'Volvo', 'FH440', 22),
('MJ552RT', 6, 'Mercedes-Benz', 'Accelo Frio', 22),
('MK183FG', 2, 'Fiat', 'Fiorino', 22),
('ML402JK', 3, 'Iveco', 'Daily', 22),
('MM901TR', 2, 'Peugeot', 'Partner', 22),
('MN772PL', 3, 'Hyundai', 'H100', 22),
('MO552MQ', 4, 'Volkswagen', 'Delivery', 22),
('MP183ZS', 5, 'Scania', 'G410', 22),
('MQ402BN', 6, 'Volkswagen', 'Constellation Frio', 22),
('MR901QP', 2, 'Citroën', 'Berlingo', 22),
('MS772LM', 3, 'Peugeot', 'Boxer', 22),
('MT552RT', 1, 'Zanella', 'ZB110', 23),
('MU183FG', 2, 'Renault', 'Kangoo', 23),
('MV402JK', 3, 'Mercedes-Benz', 'Sprinter', 23),
('MW901TR', 4, 'Mercedes-Benz', 'Accelo 815', 23),
('MX772PL', 5, 'Iveco', 'Stralis', 23),
('MY552MQ', 6, 'Mercedes-Benz', 'Sprinter Frio', 23),
('MZ183ZS', 2, 'Fiat', 'Fiorino', 23),
('NA402BN', 3, 'Iveco', 'Daily', 23),
('NB901QP', 2, 'Peugeot', 'Partner', 23),
('NC772LM', 3, 'Hyundai', 'H100', 23),
('ND552RT', 4, 'Volkswagen', 'Delivery', 23),
('NE183FG', 5, 'Scania', 'G410', 23),
('NF402JK', 6, 'Volkswagen', 'Constellation Frio', 23),
('NG901TR', 2, 'Citroën', 'Berlingo', 23),
('NH772PL', 3, 'Peugeot', 'Boxer', 23),
('NI552MQ', 1, 'Honda', 'CG150', 24),
('NJ183ZS', 2, 'Renault', 'Kangoo', 24),
('NK402BN', 3, 'Mercedes-Benz', 'Sprinter', 24),
('NL901QP', 4, 'Volkswagen', 'Delivery', 24),
('NM772LM', 5, 'Scania', 'G410', 24),
('NN552RT', 6, 'Mercedes-Benz', 'Accelo Frio', 24),
('NO183FG', 2, 'Fiat', 'Fiorino', 24),
('NP402JK', 3, 'Iveco', 'Daily', 24),
('NQ901TR', 2, 'Peugeot', 'Partner', 24),
('NR772PL', 3, 'Hyundai', 'H100', 24),
('NS552MQ', 4, 'Ford', 'Cargo 916', 24),
('NT183ZS', 5, 'Volvo', 'FH440', 24),
('NU402BN', 6, 'Volkswagen', 'Constellation Frio', 24),
('NV901QP', 2, 'Citroën', 'Berlingo', 24),
('NW772LM', 3, 'Peugeot', 'Boxer', 24),
('NX552RT', 1, 'Honda', 'Wave 110', 25),
('NY183FG', 2, 'Renault', 'Kangoo', 25),
('NZ402JK', 3, 'Mercedes-Benz', 'Sprinter', 25),
('OA901TR', 4, 'Volkswagen', 'Delivery', 25),
('OB772PL', 5, 'Scania', 'G410', 25),
('OC552MQ', 6, 'Mercedes-Benz', 'Accelo Frio', 25),
('OD183ZS', 2, 'Fiat', 'Fiorino', 25),
('OE402BN', 3, 'Iveco', 'Daily', 25),
('OF901QP', 2, 'Peugeot', 'Partner', 25),
('OG772LM', 3, 'Hyundai', 'H100', 25),
('OH552RT', 4, 'Ford', 'Cargo 916', 25),
('OI183FG', 5, 'Volvo', 'FH440', 25),
('OJ402JK', 6, 'Volkswagen', 'Constellation Frio', 25),
('OK901TR', 2, 'Citroën', 'Berlingo', 25),
('OL772PL', 3, 'Peugeot', 'Boxer', 25),
('OM552MQ', 1, 'Yamaha', 'FZ25', 26),
('ON183ZS', 2, 'Renault', 'Kangoo', 26),
('OO402BN', 3, 'Mercedes-Benz', 'Sprinter', 26),
('OP901QP', 4, 'Mercedes-Benz', 'Accelo 815', 26),
('OQ772LM', 5, 'Iveco', 'Stralis', 26),
('OR552RT', 6, 'Mercedes-Benz', 'Sprinter Frio', 26),
('OS183FG', 2, 'Fiat', 'Fiorino', 26),
('OT402JK', 3, 'Iveco', 'Daily', 26),
('OU901TR', 2, 'Peugeot', 'Partner', 26),
('OV772PL', 3, 'Hyundai', 'H100', 26),
('OW552MQ', 4, 'Volkswagen', 'Delivery', 26),
('OX183ZS', 5, 'Scania', 'G410', 26),
('OY402BN', 6, 'Volkswagen', 'Constellation Frio', 26),
('OZ901QP', 2, 'Citroën', 'Berlingo', 26),
('PA772LM', 3, 'Peugeot', 'Boxer', 26),
('PB552RT', 1, 'Motomel', 'Blitz 110', 27),
('PC183FG', 2, 'Renault', 'Kangoo', 27),
('PD402JK', 3, 'Mercedes-Benz', 'Sprinter', 27),
('PE901TR', 4, 'Ford', 'Cargo 916', 27),
('PF772PL', 5, 'Volvo', 'FH440', 27),
('PG552MQ', 6, 'Mercedes-Benz', 'Accelo Frio', 27),
('PH183ZS', 2, 'Fiat', 'Fiorino', 27),
('PI402BN', 3, 'Iveco', 'Daily', 27),
('PJ901QP', 2, 'Peugeot', 'Partner', 27),
('PK772LM', 3, 'Hyundai', 'H100', 27),
('PL552RT', 4, 'Volkswagen', 'Delivery', 27),
('PM183FG', 5, 'Scania', 'G410', 27),
('PN402JK', 6, 'Volkswagen', 'Constellation Frio', 27),
('PO901TR', 2, 'Citroën', 'Berlingo', 27),
('PP772PL', 3, 'Peugeot', 'Boxer', 27),
('PQ552MQ', 1, 'Zanella', 'ZB110', 28),
('PR183ZS', 2, 'Renault', 'Kangoo', 28),
('PS402BN', 3, 'Mercedes-Benz', 'Sprinter', 28),
('PT901QP', 4, 'Mercedes-Benz', 'Accelo 815', 28),
('PU772LM', 5, 'Iveco', 'Stralis', 28),
('PV552RT', 6, 'Mercedes-Benz', 'Sprinter Frio', 28),
('PW183FG', 2, 'Fiat', 'Fiorino', 28),
('PX402JK', 3, 'Iveco', 'Daily', 28),
('PY901TR', 2, 'Peugeot', 'Partner', 28),
('PZ772PL', 3, 'Hyundai', 'H100', 28),
('QA552MQ', 4, 'Volkswagen', 'Delivery', 28),
('QB183ZS', 5, 'Scania', 'G410', 28),
('QC402BN', 6, 'Volkswagen', 'Constellation Frio', 28),
('QD901QP', 2, 'Citroën', 'Berlingo', 28),
('QE772LM', 3, 'Peugeot', 'Boxer', 28),
('QF552RT', 1, 'Honda', 'CG150', 29),
('QG183FG', 2, 'Renault', 'Kangoo', 29),
('QH402JK', 3, 'Mercedes-Benz', 'Sprinter', 29),
('QI901TR', 4, 'Volkswagen', 'Delivery', 29),
('QJ772PL', 5, 'Scania', 'G410', 29),
('QK552MQ', 6, 'Mercedes-Benz', 'Accelo Frio', 29),
('QL183ZS', 2, 'Fiat', 'Fiorino', 29),
('QM402BN', 3, 'Iveco', 'Daily', 29),
('QN901QP', 2, 'Peugeot', 'Partner', 29),
('QO772LM', 3, 'Hyundai', 'H100', 29),
('QP552RT', 4, 'Ford', 'Cargo 916', 29),
('QQ183FG', 5, 'Volvo', 'FH440', 29),
('QR402JK', 6, 'Volkswagen', 'Constellation Frio', 29),
('QS901TR', 2, 'Citroën', 'Berlingo', 29),
('QT772PL', 3, 'Peugeot', 'Boxer', 29),
('QU552MQ', 1, 'Honda', 'Wave 110', 30),
('QV183ZS', 2, 'Renault', 'Kangoo', 30),
('QW402BN', 3, 'Mercedes-Benz', 'Sprinter', 30),
('QX901QP', 4, 'Volkswagen', 'Delivery', 30),
('QY772LM', 5, 'Scania', 'G410', 30),
('QZ552RT', 6, 'Mercedes-Benz', 'Accelo Frio', 30),
('RA183FG', 2, 'Fiat', 'Fiorino', 30),
('RB402JK', 3, 'Iveco', 'Daily', 30),
('RC901TR', 2, 'Peugeot', 'Partner', 30),
('RD772PL', 3, 'Hyundai', 'H100', 30),
('RE552MQ', 4, 'Ford', 'Cargo 916', 30),
('RF183ZS', 5, 'Volvo', 'FH440', 30),
('RG402BN', 6, 'Volkswagen', 'Constellation Frio', 30),
('RH901QP', 2, 'Citroën', 'Berlingo', 30),
('RI772LM', 3, 'Peugeot', 'Boxer', 30),
('RJ552RT', 1, 'Yamaha', 'FZ25', 31),
('RK183FG', 2, 'Renault', 'Kangoo', 31),
('RL402JK', 3, 'Mercedes-Benz', 'Sprinter', 31),
('RM901TR', 4, 'Mercedes-Benz', 'Accelo 815', 31),
('RN772PL', 5, 'Iveco', 'Stralis', 31),
('RO552MQ', 6, 'Mercedes-Benz', 'Sprinter Frio', 31),
('RP183ZS', 2, 'Fiat', 'Fiorino', 31),
('RQ402BN', 3, 'Iveco', 'Daily', 31),
('RR901QP', 2, 'Peugeot', 'Partner', 31),
('RS772LM', 3, 'Hyundai', 'H100', 31),
('RT552RT', 4, 'Volkswagen', 'Delivery', 31),
('RU183FG', 5, 'Scania', 'G410', 31),
('RV402JK', 6, 'Volkswagen', 'Constellation Frio', 31),
('RW901TR', 2, 'Citroën', 'Berlingo', 31),
('RX772PL', 3, 'Peugeot', 'Boxer', 31),
('RY552MQ', 1, 'Motomel', 'Blitz 110', 32),
('RZ183ZS', 2, 'Renault', 'Kangoo', 32),
('SA402BN', 3, 'Mercedes-Benz', 'Sprinter', 32),
('SB901QP', 4, 'Ford', 'Cargo 916', 32),
('SC772LM', 5, 'Volvo', 'FH440', 32),
('SD552RT', 6, 'Mercedes-Benz', 'Accelo Frio', 32),
('SE183FG', 2, 'Fiat', 'Fiorino', 32),
('SF402JK', 3, 'Iveco', 'Daily', 32),
('SG901TR', 2, 'Peugeot', 'Partner', 32),
('SH772PL', 3, 'Hyundai', 'H100', 32),
('SI552MQ', 4, 'Volkswagen', 'Delivery', 32),
('SJ183ZS', 5, 'Scania', 'G410', 32),
('SK402BN', 6, 'Volkswagen', 'Constellation Frio', 32),
('SL901QP', 2, 'Citroën', 'Berlingo', 32),
('SM772LM', 3, 'Peugeot', 'Boxer', 32),
('SN552RT', 1, 'Zanella', 'ZB110', 33),
('SO183FG', 2, 'Renault', 'Kangoo', 33),
('SP402JK', 3, 'Mercedes-Benz', 'Sprinter', 33),
('SQ901TR', 4, 'Mercedes-Benz', 'Accelo 815', 33),
('SR772PL', 5, 'Iveco', 'Stralis', 33),
('SS552MQ', 6, 'Mercedes-Benz', 'Sprinter Frio', 33),
('ST183ZS', 2, 'Fiat', 'Fiorino', 33),
('SU402BN', 3, 'Iveco', 'Daily', 33),
('SV901QP', 2, 'Peugeot', 'Partner', 33),
('SW772LM', 3, 'Hyundai', 'H100', 33),
('SX552RT', 4, 'Volkswagen', 'Delivery', 33),
('SY183FG', 5, 'Scania', 'G410', 33),
('SZ402BN', 6, 'Volkswagen', 'Constellation Frio', 33),
('TA901TR', 2, 'Citroën', 'Berlingo', 33),
('TB772PL', 3, 'Peugeot', 'Boxer', 33),
('TC552MQ', 1, 'Honda', 'CG150', 34),
('TD183ZS', 2, 'Renault', 'Kangoo', 34),
('TE402BN', 3, 'Mercedes-Benz', 'Sprinter', 34),
('TF901QP', 4, 'Volkswagen', 'Delivery', 34),
('TG772LM', 5, 'Scania', 'G410', 34),
('TH552RT', 6, 'Mercedes-Benz', 'Accelo Frio', 34),
('TI183FG', 2, 'Fiat', 'Fiorino', 34),
('TJ402JK', 3, 'Iveco', 'Daily', 34),
('TK901TR', 2, 'Peugeot', 'Partner', 34),
('TL772PL', 3, 'Hyundai', 'H100', 34),
('TM552MQ', 4, 'Ford', 'Cargo 916', 34),
('TN183ZS', 5, 'Volvo', 'FH440', 34),
('TO402BN', 6, 'Volkswagen', 'Constellation Frio', 34),
('TP901QP', 2, 'Citroën', 'Berlingo', 34),
('TQ772LM', 3, 'Peugeot', 'Boxer', 34),
('TR552RT', 1, 'Honda', 'Wave 110', 35),
('TS183FG', 2, 'Renault', 'Kangoo', 35),
('TT402JK', 3, 'Mercedes-Benz', 'Sprinter', 35),
('TU901TR', 4, 'Volkswagen', 'Delivery', 35),
('TV772PL', 5, 'Scania', 'G410', 35),
('TW552MQ', 6, 'Mercedes-Benz', 'Accelo Frio', 35),
('TX183ZS', 2, 'Fiat', 'Fiorino', 35),
('TY402BN', 3, 'Iveco', 'Daily', 35),
('TZ901QP', 2, 'Peugeot', 'Partner', 35),
('UA772LM', 3, 'Hyundai', 'H100', 35),
('UB552RT', 4, 'Ford', 'Cargo 916', 35),
('UC183FG', 5, 'Volvo', 'FH440', 35),
('UD402JK', 6, 'Volkswagen', 'Constellation Frio', 35),
('UE901TR', 2, 'Citroën', 'Berlingo', 35),
('UF772PL', 3, 'Peugeot', 'Boxer', 35),
('UG552MQ', 1, 'Yamaha', 'FZ25', 36),
('UH183ZS', 2, 'Renault', 'Kangoo', 36),
('UI402BN', 3, 'Mercedes-Benz', 'Sprinter', 36),
('UJ901QP', 4, 'Mercedes-Benz', 'Accelo 815', 36),
('UK772LM', 5, 'Iveco', 'Stralis', 36),
('UL552RT', 6, 'Mercedes-Benz', 'Sprinter Frio', 36),
('UM183FG', 2, 'Fiat', 'Fiorino', 36),
('UN402JK', 3, 'Iveco', 'Daily', 36),
('UO901TR', 2, 'Peugeot', 'Partner', 36),
('UP772PL', 3, 'Hyundai', 'H100', 36),
('UQ552MQ', 4, 'Volkswagen', 'Delivery', 36),
('UR183ZS', 5, 'Scania', 'G410', 36),
('US402BN', 6, 'Volkswagen', 'Constellation Frio', 36),
('UT901QP', 2, 'Citroën', 'Berlingo', 36),
('UU772LM', 3, 'Peugeot', 'Boxer', 36),
('UV552RT', 1, 'Motomel', 'Blitz 110', 37),
('UW183FG', 2, 'Renault', 'Kangoo', 37),
('UX402JK', 3, 'Mercedes-Benz', 'Sprinter', 37),
('UY901TR', 4, 'Ford', 'Cargo 916', 37),
('UZ772PL', 5, 'Volvo', 'FH440', 37),
('VA552MQ', 6, 'Mercedes-Benz', 'Accelo Frio', 37),
('VB183ZS', 2, 'Fiat', 'Fiorino', 37),
('VC402BN', 3, 'Iveco', 'Daily', 37),
('VD901QP', 2, 'Peugeot', 'Partner', 37),
('VE772LM', 3, 'Hyundai', 'H100', 37),
('VF552RT', 4, 'Volkswagen', 'Delivery', 37),
('VG183FG', 5, 'Scania', 'G410', 37),
('VH402JK', 6, 'Volkswagen', 'Constellation Frio', 37),
('VI901TR', 2, 'Citroën', 'Berlingo', 37),
('VJ772PL', 3, 'Peugeot', 'Boxer', 37),
('VK552MQ', 1, 'Zanella', 'ZB110', 38),
('VL183ZS', 2, 'Renault', 'Kangoo', 38),
('VM402BN', 3, 'Mercedes-Benz', 'Sprinter', 38),
('VN901QP', 4, 'Mercedes-Benz', 'Accelo 815', 38),
('VO772LM', 5, 'Iveco', 'Stralis', 38),
('VP552RT', 6, 'Mercedes-Benz', 'Sprinter Frio', 38),
('VQ183FG', 2, 'Fiat', 'Fiorino', 38),
('VR402JK', 3, 'Iveco', 'Daily', 38),
('VS901TR', 2, 'Peugeot', 'Partner', 38),
('VT772PL', 3, 'Hyundai', 'H100', 38),
('VU552MQ', 4, 'Volkswagen', 'Delivery', 38),
('VV183ZS', 5, 'Scania', 'G410', 38),
('VW402BN', 6, 'Volkswagen', 'Constellation Frio', 38),
('VX901QP', 2, 'Citroën', 'Berlingo', 38),
('VY772LM', 3, 'Peugeot', 'Boxer', 38),
('VZ552RT', 1, 'Honda', 'CG150', 39),
('WA183FG', 2, 'Renault', 'Kangoo', 39),
('WB402JK', 3, 'Mercedes-Benz', 'Sprinter', 39),
('WC901TR', 4, 'Volkswagen', 'Delivery', 39),
('WD772PL', 5, 'Scania', 'G410', 39),
('WE552MQ', 6, 'Mercedes-Benz', 'Accelo Frio', 39),
('WF183ZS', 2, 'Fiat', 'Fiorino', 39),
('WG402BN', 3, 'Iveco', 'Daily', 39),
('WH901QP', 2, 'Peugeot', 'Partner', 39),
('WI772LM', 3, 'Hyundai', 'H100', 39),
('WJ552RT', 4, 'Ford', 'Cargo 916', 39),
('WK183FG', 5, 'Volvo', 'FH440', 39),
('WL402JK', 6, 'Volkswagen', 'Constellation Frio', 39),
('WM901TR', 2, 'Citroën', 'Berlingo', 39),
('WN772PL', 3, 'Peugeot', 'Boxer', 39),
('WO552MQ', 1, 'Honda', 'Wave 110', 40),
('WP183ZS', 2, 'Renault', 'Kangoo', 40),
('WQ402BN', 3, 'Mercedes-Benz', 'Sprinter', 40),
('WR901QP', 4, 'Volkswagen', 'Delivery', 40),
('WS772LM', 5, 'Scania', 'G410', 40),
('WT552RT', 6, 'Mercedes-Benz', 'Accelo Frio', 40),
('WU183FG', 2, 'Fiat', 'Fiorino', 40),
('WV402JK', 3, 'Iveco', 'Daily', 40),
('WW901TR', 2, 'Peugeot', 'Partner', 40),
('WX772PL', 3, 'Hyundai', 'H100', 40),
('WY552MQ', 4, 'Ford', 'Cargo 916', 40),
('WZ183ZS', 5, 'Volvo', 'FH440', 40),
('XA402BN', 6, 'Volkswagen', 'Constellation Frio', 40),
('XB901QP', 2, 'Citroën', 'Berlingo', 40),
('XC772LM', 3, 'Peugeot', 'Boxer', 40),
('XD101AB', 1, 'Honda', 'Wave 110', 41),
('XD102AC', 2, 'Renault', 'Kangoo', 41),
('XD103AD', 3, 'Mercedes-Benz', 'Sprinter', 41),
('XD104AE', 4, 'Volkswagen', 'Delivery', 41),
('XD105AF', 5, 'Scania', 'G410', 41),
('XD106AG', 6, 'Mercedes-Benz', 'Accelo Frio', 41),
('XE201AB', 1, 'Yamaha', 'FZ25', 42),
('XE202AC', 2, 'Fiat', 'Fiorino', 42),
('XE203AD', 3, 'Iveco', 'Daily', 42),
('XE204AE', 4, 'Ford', 'Cargo 916', 42),
('XE205AF', 5, 'Volvo', 'FH440', 42),
('XE206AG', 6, 'Volkswagen', 'Constellation Frio', 42),
('XF301AB', 1, 'Motomel', 'Blitz 110', 43),
('XF302AC', 2, 'Peugeot', 'Partner', 43),
('XF303AD', 3, 'Hyundai', 'H100', 43),
('XF304AE', 4, 'Mercedes-Benz', 'Accelo 815', 43),
('XF305AF', 5, 'Iveco', 'Stralis', 43),
('XF306AG', 6, 'Mercedes-Benz', 'Sprinter Frio', 43),
('XG401AB', 1, 'Zanella', 'ZB110', 44),
('XG402AC', 2, 'Citroën', 'Berlingo', 44),
('XG403AD', 3, 'Peugeot', 'Boxer', 44),
('XG404AE', 4, 'Volkswagen', 'Delivery', 44),
('XG405AF', 5, 'Scania', 'G410', 44),
('XG406AG', 6, 'Volkswagen', 'Constellation Frio', 44),
('XH501AB', 1, 'Honda', 'CG150', 45),
('XH502AC', 2, 'Renault', 'Kangoo', 45),
('XH503AD', 3, 'Mercedes-Benz', 'Sprinter', 45),
('XH504AE', 4, 'Ford', 'Cargo 916', 45),
('XH505AF', 5, 'Volvo', 'FH440', 45),
('XH506AG', 6, 'Mercedes-Benz', 'Accelo Frio', 45),
('XI601AB', 1, 'Honda', 'Wave 110', 46),
('XI602AC', 2, 'Fiat', 'Fiorino', 46),
('XI603AD', 3, 'Iveco', 'Daily', 46),
('XI604AE', 4, 'Volkswagen', 'Delivery', 46),
('XI605AF', 5, 'Scania', 'G410', 46),
('XI606AG', 6, 'Volkswagen', 'Constellation Frio', 46),
('XJ701AB', 1, 'Yamaha', 'FZ25', 47),
('XJ702AC', 2, 'Peugeot', 'Partner', 47),
('XJ703AD', 3, 'Hyundai', 'H100', 47),
('XJ704AE', 4, 'Mercedes-Benz', 'Accelo 815', 47),
('XJ705AF', 5, 'Iveco', 'Stralis', 47),
('XJ706AG', 6, 'Mercedes-Benz', 'Sprinter Frio', 47),
('XK801AB', 1, 'Motomel', 'Blitz 110', 48),
('XK802AC', 2, 'Citroën', 'Berlingo', 48),
('XK803AD', 3, 'Peugeot', 'Boxer', 48),
('XK804AE', 4, 'Volkswagen', 'Delivery', 48),
('XK805AF', 5, 'Scania', 'G410', 48),
('XK806AG', 6, 'Volkswagen', 'Constellation Frio', 48);

-- --------------------------------------------------------

--
-- Estructura de tabla para la tabla `viaje`
--

CREATE TABLE `viaje` (
  `id_viaje` int(11) NOT NULL,
  `fecha_salida` datetime NOT NULL,
  `fecha_llegada_est` datetime DEFAULT NULL,
  `patente` varchar(20) NOT NULL,
  `id_chofer` int(11) NOT NULL
) ENGINE=InnoDB DEFAULT CHARSET=utf8mb4 COLLATE=utf8mb4_general_ci;

--
-- Volcado de datos para la tabla `viaje`
--

INSERT INTO `viaje` (`id_viaje`, `fecha_salida`, `fecha_llegada_est`, `patente`, `id_chofer`) VALUES
(1, '2025-05-05 16:43:33', '2025-05-10 12:43:33', 'SM772LM', 349),
(2, '2025-06-08 06:27:24', '2025-06-08 08:27:24', 'AT901QP', 369),
(3, '2024-05-11 23:44:10', '2024-05-12 13:44:10', 'WH901QP', 358),
(4, '2025-01-20 06:49:06', '2025-01-21 18:49:06', 'DK402BN', 91),
(5, '2024-09-01 23:18:10', '2024-09-02 07:18:10', 'QK552MQ', 7),
(6, '2025-06-26 03:17:51', '2025-06-26 12:17:51', 'QG183FG', 142),
(7, '2024-01-22 17:28:23', '2024-01-23 05:28:23', 'UI402BN', 117),
(8, '2024-01-30 01:46:11', '2024-01-30 08:46:11', 'RF183ZS', 300),
(9, '2024-01-13 04:43:47', '2024-01-13 21:43:47', 'TI183FG', 333),
(10, '2025-07-31 16:49:47', '2025-07-31 19:49:47', 'KC183FG', 313),
(11, '2025-08-01 21:59:50', '2025-08-02 04:59:50', 'JQ772LM', 359),
(12, '2024-04-14 08:53:35', '2024-04-14 21:53:35', 'EU901TR', 30),
(13, '2024-10-10 04:48:16', '2024-10-13 06:48:16', 'NY183FG', 249),
(14, '2024-08-21 09:20:34', '2024-08-22 05:20:34', 'OB772PL', 461),
(15, '2024-05-27 21:07:24', '2024-05-27 23:07:24', 'QV183ZS', 250),
(16, '2025-08-18 14:20:59', '2025-08-19 14:20:59', 'XJ704AE', 436),
(17, '2023-04-14 11:52:13', '2023-04-18 19:52:13', 'XE206AG', 479),
(18, '2023-11-13 17:28:51', '2023-11-14 10:28:51', 'KJ901QP', 90),
(19, '2023-10-21 21:40:07', '2023-10-23 02:40:07', 'PZ772PL', 175),
(20, '2023-10-09 03:00:06', '2023-10-09 09:00:06', 'XD101AB', 79),
(21, '2025-05-24 02:25:47', '2025-05-24 05:25:47', 'SU402BN', 214),
(22, '2024-10-15 03:37:14', '2024-10-18 08:37:14', 'IB901QP', 292),
(23, '2024-03-10 05:39:28', '2024-03-14 06:39:28', 'AN402JK', 218),
(24, '2024-08-10 15:17:01', '2024-08-10 20:17:01', 'RN772PL', 31),
(25, '2024-09-03 12:26:50', '2024-09-06 07:26:50', 'XH502AC', 8),
(26, '2025-11-15 11:43:05', '2025-11-15 21:43:05', 'RG402BN', 64),
(27, '2025-09-03 23:28:29', '2025-09-04 21:28:29', 'RU183FG', 176),
(28, '2024-09-26 11:17:01', '2024-09-26 19:17:01', 'GI901TR', 65),
(29, '2024-10-18 07:30:49', '2024-10-19 07:30:49', 'JD183ZS', 170),
(30, '2025-01-11 10:46:00', '2025-01-11 20:46:00', 'RV402JK', 265),
(31, '2025-08-27 22:37:48', '2025-08-28 11:37:48', 'CO552MQ', 61),
(32, '2025-05-23 21:10:41', '2025-05-24 01:10:41', 'TC552MQ', 63),
(33, '2023-02-25 22:57:39', '2023-02-27 03:57:39', 'CR901QP', 116),
(34, '2025-11-06 10:55:31', '2025-11-06 11:55:31', 'PA772LM', 245),
(35, '2023-07-20 15:43:58', '2023-07-21 13:43:58', 'KM183FG', 377),
(36, '2024-04-03 02:51:15', '2024-04-03 15:51:15', 'BG183FG', 350),
(37, '2023-05-20 06:54:59', '2023-05-21 06:54:59', 'BZ552RT', 44),
(38, '2025-03-20 09:58:56', '2025-03-20 17:58:56', 'ED183ZS', 296),
(39, '2025-03-08 03:05:58', '2025-03-10 12:05:58', 'XF303AD', 150),
(40, '2023-05-13 14:07:59', '2023-05-14 02:07:59', 'WZ183ZS', 210),
(41, '2024-11-22 10:39:07', '2024-11-25 21:39:07', 'HR901QP', 270),
(42, '2025-06-28 15:57:42', '2025-06-30 13:57:42', 'GL183ZS', 149),
(43, '2023-03-13 20:29:41', '2023-03-13 23:29:41', 'XD104AE', 443),
(44, '2024-05-12 11:23:38', '2024-05-13 02:23:38', 'ER552RT', 160),
(45, '2025-04-11 05:37:14', '2025-04-11 07:37:14', 'PO901TR', 385),
(46, '2025-02-14 10:52:41', '2025-02-19 07:52:41', 'JX183ZS', 429),
(47, '2025-05-20 18:23:40', '2025-05-21 12:23:40', 'XC772LM', 470),
(48, '2025-09-14 18:07:07', '2025-09-15 11:07:07', 'NP402JK', 246),
(49, '2023-10-26 05:53:39', '2023-10-30 05:53:39', 'HR901QP', 387),
(50, '2024-05-09 08:32:28', '2024-05-10 01:32:28', 'SH772PL', 220),
(51, '2025-12-21 09:48:18', '2025-12-25 02:48:18', 'NJ183ZS', 38),
(52, '2025-01-06 03:47:22', '2025-01-08 22:47:22', 'LP552RT', 62),
(53, '2023-04-28 22:38:27', '2023-04-29 16:38:27', 'XG403AD', 323),
(54, '2025-03-08 20:58:17', '2025-03-10 00:58:17', 'HR901QP', 70),
(55, '2023-04-05 11:58:48', '2023-04-09 21:58:48', 'KX402JK', 324),
(56, '2023-08-22 08:34:59', '2023-08-22 16:34:59', 'BO772LM', 354),
(57, '2024-11-20 08:46:56', '2024-11-20 15:46:56', 'TM552MQ', 185),
(58, '2025-06-23 06:46:39', '2025-06-23 09:46:39', 'GF552RT', 139),
(59, '2023-08-29 02:13:26', '2023-08-29 22:13:26', 'QT772PL', 272),
(60, '2024-03-27 02:38:19', '2024-03-28 08:38:19', 'JQ772LM', 436),
(61, '2025-10-06 09:55:42', '2025-10-06 10:55:42', 'WI772LM', 208),
(62, '2024-04-17 09:13:26', '2024-04-18 12:13:26', 'RU183FG', 300),
(63, '2025-08-12 14:20:21', '2025-08-15 12:20:21', 'DF402JK', 221),
(64, '2025-08-21 12:10:54', '2025-08-21 20:10:54', 'CA183FG', 167),
(65, '2024-02-24 21:38:40', '2024-02-25 12:38:40', 'DM772LM', 83),
(66, '2024-10-21 13:51:47', '2024-10-22 15:51:47', 'PE901TR', 149),
(67, '2025-06-05 07:56:14', '2025-06-07 18:56:14', 'SZ402BN', 480),
(68, '2025-03-21 00:21:46', '2025-03-23 18:21:46', 'CZ183ZS', 399),
(69, '2024-03-20 07:21:21', '2024-03-22 14:21:21', 'VE772LM', 165),
(70, '2023-10-01 16:42:56', '2023-10-01 19:42:56', 'XG406AG', 383),
(71, '2023-06-19 21:14:50', '2023-06-19 22:14:50', 'HL402JK', 62),
(72, '2024-02-28 17:44:55', '2024-02-29 17:44:55', 'WB402JK', 75),
(73, '2023-05-28 15:50:24', '2023-05-31 04:50:24', 'DR772PL', 284),
(74, '2023-08-14 14:46:37', '2023-08-14 21:46:37', 'UJ901QP', 448),
(75, '2025-04-23 10:39:02', '2025-04-23 18:39:02', 'CC901TR', 72),
(76, '2023-10-20 08:50:36', '2023-10-23 02:50:36', 'EC552MQ', 136),
(77, '2025-08-01 17:41:17', '2025-08-01 22:41:17', 'OA901TR', 103),
(78, '2023-11-10 14:24:20', '2023-11-10 19:24:20', 'NX552RT', 414),
(79, '2024-11-17 09:11:37', '2024-11-18 00:11:37', 'QY772LM', 264),
(80, '2023-07-20 01:05:02', '2023-07-20 15:05:02', 'DB901QP', 224),
(81, '2024-06-06 20:19:23', '2024-06-08 17:19:23', 'BV183ZS', 441),
(82, '2024-01-31 02:56:55', '2024-02-04 21:56:55', 'NF402JK', 149),
(83, '2024-02-25 19:54:58', '2024-03-01 06:54:58', 'RX772PL', 310),
(84, '2023-03-02 03:19:02', '2023-03-06 01:19:02', 'RJ552RT', 274),
(85, '2023-10-18 19:32:22', '2023-10-21 23:32:22', 'XK802AC', 252),
(86, '2025-02-11 11:16:34', '2025-02-12 12:16:34', 'BU552MQ', 439),
(87, '2025-01-20 18:41:53', '2025-01-21 16:41:53', 'DT183ZS', 13),
(88, '2023-06-29 00:48:41', '2023-06-29 13:48:41', 'XD102AC', 155),
(89, '2025-06-10 18:59:06', '2025-06-10 19:59:06', 'GC402BN', 383),
(90, '2025-11-15 17:34:20', '2025-11-16 05:34:20', 'WI772LM', 283),
(91, '2025-09-22 10:24:57', '2025-09-23 16:24:57', 'CX772PL', 36),
(92, '2025-07-26 15:45:53', '2025-07-27 15:45:53', 'LA552MQ', 297),
(93, '2025-12-29 01:11:21', '2025-12-29 17:11:21', 'OR552RT', 195),
(94, '2024-10-03 05:48:13', '2024-10-03 23:48:13', 'RI772LM', 10),
(95, '2023-01-03 23:16:26', '2023-01-05 04:16:26', 'WC901TR', 40),
(96, '2023-02-15 17:45:51', '2023-02-16 17:45:51', 'SX552RT', 101),
(97, '2024-01-12 17:44:30', '2024-01-17 14:44:30', 'TY402BN', 231),
(98, '2025-04-04 14:32:02', '2025-04-05 13:32:02', 'VF552RT', 457),
(99, '2025-04-16 17:09:52', '2025-04-18 06:09:52', 'FK772LM', 283),
(100, '2023-05-19 01:42:17', '2023-05-20 19:42:17', 'AD582JK', 149),
(101, '2025-10-12 17:45:26', '2025-10-13 20:45:26', 'BI901TR', 12),
(102, '2023-03-24 07:15:40', '2023-03-25 12:15:40', 'BW402BN', 384),
(103, '2024-08-23 01:29:05', '2024-08-26 15:29:05', 'TQ772LM', 8),
(104, '2024-10-31 02:15:44', '2024-10-31 20:15:44', 'TT402JK', 159),
(105, '2025-05-01 12:44:28', '2025-05-01 17:44:28', 'TH552RT', 248),
(106, '2023-06-06 15:01:59', '2023-06-09 08:01:59', 'GB183ZS', 2),
(107, '2023-01-04 04:28:35', '2023-01-05 01:28:35', 'JP901QP', 180),
(108, '2023-06-03 01:55:11', '2023-06-04 00:55:11', 'VX901QP', 269),
(109, '2023-06-02 01:57:36', '2023-06-02 15:57:36', 'RC901TR', 252),
(110, '2025-10-11 07:10:49', '2025-10-11 12:10:49', 'AS402BN', 69),
(111, '2024-03-24 03:57:11', '2024-03-24 09:57:11', 'IO183FG', 137),
(112, '2024-05-25 04:22:35', '2024-05-25 10:22:35', 'DR772PL', 428),
(113, '2024-04-03 10:33:51', '2024-04-03 22:33:51', 'XJ702AC', 7),
(114, '2023-03-24 18:35:12', '2023-03-25 06:35:12', 'JE402BN', 308),
(115, '2023-08-11 07:55:48', '2023-08-15 11:55:48', 'OB772PL', 418),
(116, '2023-08-04 03:54:16', '2023-08-04 11:54:16', 'XD102AC', 50),
(117, '2023-12-31 18:45:00', '2024-01-03 22:45:00', 'WT552RT', 61),
(118, '2023-07-11 07:41:12', '2023-07-11 13:41:12', 'TP901QP', 395),
(119, '2025-10-17 13:58:55', '2025-10-18 03:58:55', 'BH402JK', 341),
(120, '2024-08-12 22:33:36', '2024-08-12 23:33:36', 'GB183ZS', 84),
(121, '2025-01-23 20:00:37', '2025-01-24 01:00:37', 'VJ772PL', 251),
(122, '2023-05-01 02:50:57', '2023-05-04 16:50:57', 'AN402JK', 118),
(123, '2025-07-20 19:02:45', '2025-07-22 18:02:45', 'MI772LM', 452),
(124, '2023-10-21 15:20:13', '2023-10-24 17:20:13', 'UV552RT', 264),
(125, '2024-04-30 12:39:59', '2024-04-30 20:39:59', 'QI901TR', 399),
(126, '2024-08-07 08:55:28', '2024-08-07 14:55:28', 'UV552RT', 20),
(127, '2024-01-28 08:48:29', '2024-01-29 05:48:29', 'VV183ZS', 468),
(128, '2023-03-29 01:29:15', '2023-03-29 19:29:15', 'FC183FG', 80),
(129, '2023-01-26 22:51:44', '2023-01-30 09:51:44', 'AI402BN', 373),
(130, '2023-08-03 08:18:03', '2023-08-07 04:18:03', 'XH505AF', 318),
(131, '2024-08-14 14:05:14', '2024-08-14 23:05:14', 'WW901TR', 53),
(132, '2025-06-04 08:31:20', '2025-06-05 05:31:20', 'UI402BN', 263),
(133, '2025-03-23 03:30:18', '2025-03-26 00:30:18', 'QZ552RT', 381),
(134, '2024-10-10 04:48:11', '2024-10-13 08:48:11', 'EO402BN', 80),
(135, '2024-12-13 12:50:50', '2024-12-13 23:50:50', 'BO772LM', 39),
(136, '2023-10-10 22:16:53', '2023-10-11 02:16:53', 'SJ183ZS', 286),
(137, '2024-03-30 20:32:54', '2024-03-31 07:32:54', 'GY772LM', 296),
(138, '2024-12-23 11:18:36', '2024-12-24 01:18:36', 'FR183ZS', 203),
(139, '2023-01-14 03:00:52', '2023-01-14 21:00:52', 'KV552RT', 84),
(140, '2024-01-26 12:51:44', '2024-01-29 17:51:44', 'HH901QP', 105),
(142, '2025-01-11 16:47:29', '2025-01-11 23:47:29', 'AS402BN', 111),
(143, '2025-12-05 03:18:47', '2025-12-05 12:18:47', 'HX772PL', 14),
(144, '2024-08-05 02:10:37', '2024-08-05 09:10:37', 'BU552MQ', 395),
(145, '2024-05-25 09:10:48', '2024-05-25 15:10:48', 'GT772PL', 394),
(146, '2024-09-04 07:04:57', '2024-09-06 14:04:57', 'JI183FG', 117),
(147, '2026-01-26 07:58:18', '2026-01-26 09:58:18', 'QX901QP', 199),
(148, '2026-02-07 22:51:48', '2026-02-08 07:51:48', 'PM183FG', 410),
(149, '2025-11-28 13:04:06', '2025-11-29 02:04:06', 'FJ901QP', 226),
(150, '2024-07-23 03:00:00', '2024-07-23 12:00:00', 'GY772LM', 179),
(151, '2024-03-27 06:50:21', '2024-03-27 12:50:21', 'GP552RT', 62),
(152, '2024-03-02 12:03:58', '2024-03-02 17:03:58', 'SP402JK', 70),
(153, '2024-02-19 22:47:14', '2024-02-22 13:47:14', 'OH552RT', 364),
(154, '2024-12-05 14:01:55', '2024-12-09 11:01:55', 'HM901TR', 395),
(155, '2024-05-07 22:01:22', '2024-05-08 06:01:22', 'JZ901QP', 289),
(156, '2024-09-02 16:55:12', '2024-09-03 02:55:12', 'PH183ZS', 110),
(157, '2025-10-08 17:25:32', '2025-10-09 03:25:32', 'BS901TR', 436),
(158, '2025-12-11 07:13:23', '2025-12-11 13:13:23', 'KJ901QP', 316),
(159, '2024-06-29 14:07:14', '2024-06-29 19:07:14', 'XK804AE', 144),
(160, '2025-10-21 02:29:37', '2025-10-21 04:29:37', 'FF772PL', 11),
(161, '2026-05-07 07:35:00', '2026-05-08 06:35:00', 'BS901TR', 212),
(162, '2024-01-26 21:36:01', '2024-01-28 08:36:01', 'IP402JK', 317),
(163, '2024-01-21 01:23:05', '2024-01-21 11:23:05', 'MC901TR', 41),
(164, '2025-01-21 10:40:03', '2025-01-22 18:40:03', 'IK402BN', 273),
(165, '2024-03-01 03:02:57', '2024-03-01 07:02:57', 'IU402BN', 140),
(166, '2024-10-10 17:33:56', '2024-10-14 14:33:56', 'AZ772PL', 445),
(167, '2026-02-04 00:53:11', '2026-02-04 20:53:11', 'MR901QP', 463),
(168, '2026-04-11 05:22:35', '2026-04-14 18:22:35', 'AK772LM', 395),
(169, '2025-07-07 21:05:45', '2025-07-07 23:05:45', 'XJ702AC', 326),
(170, '2024-05-14 15:26:53', '2024-05-14 17:26:53', 'TN183ZS', 109),
(171, '2025-01-31 08:43:27', '2025-02-02 09:43:27', 'ON183ZS', 422),
(172, '2024-09-14 20:08:01', '2024-09-16 03:08:01', 'TW552MQ', 174),
(173, '2026-05-10 14:11:43', '2026-05-12 13:11:43', 'HR901QP', 142),
(174, '2024-12-29 10:33:01', '2024-12-30 07:33:01', 'RU183FG', 41),
(175, '2024-11-22 00:21:26', '2024-11-22 07:21:26', 'SJ183ZS', 372),
(176, '2024-12-29 05:09:37', '2025-01-01 09:09:37', 'RT552RT', 289),
(177, '2024-04-15 21:43:50', '2024-04-16 00:43:50', 'BV183ZS', 288),
(178, '2024-10-17 23:48:42', '2024-10-18 22:48:42', 'IT183ZS', 471),
(179, '2025-08-25 19:49:16', '2025-08-26 02:49:16', 'GA552MQ', 180),
(180, '2024-11-02 09:50:49', '2024-11-02 17:50:49', 'HU183FG', 146),
(181, '2024-02-17 16:45:55', '2024-02-18 02:45:55', 'AC294FG', 260),
(182, '2024-11-11 17:57:56', '2024-11-12 07:57:56', 'TU901TR', 17),
(183, '2025-06-09 04:33:17', '2025-06-09 11:33:17', 'UO901TR', 129),
(184, '2025-04-12 02:11:12', '2025-04-14 08:11:12', 'BN901QP', 127),
(185, '2025-12-12 12:53:20', '2025-12-12 15:53:20', 'CP183ZS', 336),
(186, '2026-03-12 14:27:52', '2026-03-14 14:27:52', 'RN772PL', 64),
(187, '2025-09-08 09:53:35', '2025-09-08 19:53:35', 'VH402JK', 52),
(188, '2025-04-02 05:20:31', '2025-04-04 20:20:31', 'EY402BN', 141),
(189, '2024-04-17 07:30:29', '2024-04-17 13:30:29', 'UI402BN', 57),
(190, '2025-09-19 06:07:04', '2025-09-19 15:07:04', 'QS901TR', 73),
(191, '2025-01-01 02:48:33', '2025-01-01 04:48:33', 'GY772LM', 466),
(192, '2024-11-17 11:37:57', '2024-11-18 23:37:57', 'ST183ZS', 24),
(193, '2024-05-12 11:45:23', '2024-05-13 02:45:23', 'UQ552MQ', 247),
(194, '2026-04-17 03:23:49', '2026-04-18 06:23:49', 'AF772PL', 382),
(195, '2024-02-12 20:07:30', '2024-02-13 00:07:30', 'QQ183FG', 16),
(196, '2024-12-21 15:58:09', '2024-12-23 18:58:09', 'TZ901QP', 222),
(197, '2024-12-30 07:14:57', '2024-12-30 10:14:57', 'CB402JK', 117),
(198, '2026-01-21 16:23:34', '2026-01-21 18:23:34', 'QM402BN', 53),
(199, '2026-03-02 12:32:34', '2026-03-02 20:32:34', 'KJ901QP', 299),
(200, '2026-04-25 16:14:31', '2026-04-25 19:14:31', 'AQ552MQ', 333),
(201, '2025-11-15 10:43:37', '2025-11-15 16:43:37', 'WE552MQ', 48),
(202, '2024-09-14 17:36:32', '2024-09-14 21:36:32', 'QN901QP', 210),
(203, '2024-09-19 21:15:18', '2024-09-20 06:15:18', 'UW183FG', 232),
(204, '2025-01-17 09:48:44', '2025-01-18 05:48:44', 'BN901QP', 397),
(205, '2025-12-19 08:28:37', '2025-12-19 15:28:37', 'DZ402JK', 8),
(206, '2025-10-28 21:26:14', '2025-10-30 10:26:14', 'GM402BN', 13),
(207, '2025-06-13 03:51:04', '2025-06-13 09:51:04', 'US402BN', 454),
(208, '2025-09-05 15:01:36', '2025-09-06 00:01:36', 'PJ901QP', 77),
(209, '2026-05-19 20:02:51', '2026-05-21 10:02:51', 'LR402JK', 253),
(210, '2024-10-28 15:09:52', '2024-10-29 00:09:52', 'SR772PL', 74),
(211, '2024-06-19 23:21:04', '2024-06-20 08:21:04', 'EN183ZS', 299),
(212, '2024-11-14 22:06:04', '2024-11-15 03:06:04', 'QC402BN', 117),
(213, '2024-10-19 06:32:08', '2024-10-19 16:32:08', 'JW552MQ', 474),
(214, '2024-06-21 15:34:33', '2024-06-22 01:34:33', 'XH504AE', 141),
(215, '2024-05-27 01:05:52', '2024-05-28 06:05:52', 'TV772PL', 293),
(216, '2025-12-13 21:49:47', '2025-12-15 12:49:47', 'FE901TR', 40),
(217, '2025-12-19 02:52:28', '2025-12-20 09:52:28', 'VH402JK', 413),
(218, '2024-10-06 12:04:28', '2024-10-06 14:04:28', 'QS901TR', 474),
(219, '2025-03-17 04:47:05', '2025-03-17 08:47:05', 'SR772PL', 3),
(220, '2025-03-18 17:57:12', '2025-03-18 22:57:12', 'CI772LM', 404),
(221, '2024-06-08 06:13:50', '2024-06-08 14:13:50', 'RA183FG', 115),
(222, '2026-03-03 15:09:35', '2026-03-03 23:09:35', 'SL901QP', 207),
(223, '2024-03-08 22:33:27', '2024-03-11 11:33:27', 'WS772LM', 245),
(224, '2025-01-24 13:55:53', '2025-01-24 15:55:53', 'KF772PL', 246),
(225, '2025-10-21 02:53:46', '2025-10-22 08:53:46', 'NM772LM', 291),
(226, '2024-03-16 21:33:36', '2024-03-17 14:33:36', 'XJ702AC', 184),
(227, '2025-10-25 13:42:54', '2025-10-26 03:42:54', 'XG405AF', 85),
(228, '2024-07-30 17:11:20', '2024-08-01 10:11:20', 'UI402BN', 10),
(229, '2025-07-27 09:47:07', '2025-07-27 11:47:07', 'WR901QP', 216),
(230, '2024-08-17 09:24:07', '2024-08-18 21:24:07', 'JU901TR', 209),
(231, '2024-09-01 07:50:29', '2024-09-01 10:50:29', 'KR183ZS', 409),
(232, '2025-04-09 02:23:27', '2025-04-09 22:23:27', 'AB123CD', 112),
(233, '2025-07-06 00:46:08', '2025-07-06 04:46:08', 'WJ552RT', 181),
(234, '2024-03-22 08:51:33', '2024-03-22 16:51:33', 'PM183FG', 130),
(235, '2024-09-16 06:51:29', '2024-09-16 13:51:29', 'XD105AF', 268),
(236, '2025-11-16 21:31:55', '2025-11-17 19:31:55', 'XD103AD', 322),
(237, '2026-05-27 17:17:03', '2026-05-27 20:17:03', 'RI772LM', 272),
(238, '2025-11-29 11:26:21', '2025-11-29 19:26:21', 'DH772PL', 424),
(239, '2024-02-26 16:06:29', '2024-02-27 05:06:29', 'XI604AE', 131),
(240, '2025-03-23 04:47:40', '2025-03-23 06:47:40', 'FX402JK', 83),
(241, '2026-01-18 15:25:01', '2026-01-18 22:25:01', 'RG402BN', 307),
(242, '2026-06-12 08:00:00', '2026-06-14 18:00:00', 'SM772LM', 481),
(243, '2026-06-09 10:00:00', '2026-06-13 14:30:00', 'MF183ZS', 174),
(244, '2026-06-08 09:00:00', '2026-06-15 15:00:00', 'IY183FG', 22),
(245, '2026-06-21 17:03:00', '2026-06-23 21:09:00', 'NY183FG', 257),
(246, '2026-06-28 10:00:00', '2026-07-03 14:30:00', 'RX772PL', 481),
(247, '2026-06-24 11:04:00', '2026-06-25 23:04:00', 'AU772LM', 4);

--
-- Disparadores `viaje`
--
DELIMITER $$
CREATE TRIGGER `verificar_chofer_disponible` BEFORE INSERT ON `viaje` FOR EACH ROW BEGIN
    DECLARE viajes_activos INT;

    SELECT COUNT(*) INTO viajes_activos
    FROM viaje
    WHERE id_chofer = NEW.id_chofer
      AND NEW.fecha_salida    < fecha_llegada_est
      AND NEW.fecha_llegada_est > fecha_salida;

    IF viajes_activos > 0 THEN
        SIGNAL SQLSTATE '45000'
        SET MESSAGE_TEXT = 'El chofer ya tiene un viaje asignado en ese rango de fechas.';
    END IF;
END
$$
DELIMITER ;

-- --------------------------------------------------------

--
-- Estructura de tabla para la tabla `viaje_envio`
--

CREATE TABLE `viaje_envio` (
  `id_viaje` int(11) NOT NULL,
  `id_envio` int(11) NOT NULL
) ENGINE=InnoDB DEFAULT CHARSET=utf8mb4 COLLATE=utf8mb4_general_ci;

--
-- Volcado de datos para la tabla `viaje_envio`
--

INSERT INTO `viaje_envio` (`id_viaje`, `id_envio`) VALUES
(1, 93),
(1, 95),
(2, 1),
(2, 54),
(3, 23),
(4, 22),
(4, 24),
(5, 7),
(6, 34),
(6, 88),
(7, 75),
(8, 78),
(9, 40),
(10, 8),
(11, 9),
(11, 52),
(12, 11),
(12, 61),
(13, 27),
(14, 26),
(14, 36),
(15, 85),
(16, 51),
(16, 63),
(17, 77),
(17, 90),
(18, 72),
(19, 50),
(20, 12),
(20, 68),
(21, 57),
(21, 92),
(22, 73),
(22, 84),
(23, 49),
(23, 99),
(24, 30),
(25, 56),
(25, 98),
(26, 15),
(27, 65),
(27, 87),
(28, 74),
(29, 32),
(30, 100),
(31, 31),
(31, 70),
(32, 10),
(32, 76),
(33, 59),
(34, 25),
(34, 81),
(35, 29),
(36, 46),
(36, 69),
(37, 6),
(38, 101),
(39, 62),
(39, 67),
(40, 5),
(40, 33),
(41, 19),
(41, 41),
(42, 45),
(42, 48),
(43, 17),
(43, 58),
(44, 66),
(45, 4),
(45, 44),
(46, 18),
(46, 86),
(47, 21),
(47, 55),
(48, 39),
(49, 64),
(50, 79),
(50, 82),
(51, 47),
(52, 38),
(53, 37),
(54, 20),
(54, 97),
(55, 13),
(55, 53),
(56, 83),
(57, 28),
(57, 43),
(58, 16),
(58, 60),
(59, 14),
(59, 89),
(60, 35),
(60, 91),
(61, 2),
(61, 42),
(62, 94),
(63, 80),
(63, 96),
(64, 3),
(65, 71),
(242, 38),
(242, 62),
(243, 94),
(244, 92),
(245, 104),
(246, 105),
(247, 110),
(247, 111),
(247, 112);

-- --------------------------------------------------------

--
-- Estructura Stand-in para la vista `v_envios_completo`
-- (Véase abajo para la vista actual)
--
CREATE TABLE `v_envios_completo` (
`id_envio` int(11)
,`nro_tracking` varchar(30)
,`fecha_recepcion` datetime
,`peso_kg` decimal(10,2)
,`tipo_contenido` varchar(50)
,`remitente` varchar(101)
,`dni_remitente` varchar(15)
,`destinatario` varchar(101)
,`dni_destinatario` varchar(15)
,`sucursal_origen` varchar(50)
,`sucursal_destino` varchar(50)
,`estado_actual` varchar(50)
,`fecha_ultimo_evento` datetime
,`ubicacion_actual` varchar(50)
);

-- --------------------------------------------------------

--
-- Estructura para la vista `v_envios_completo`
--
DROP TABLE IF EXISTS `v_envios_completo`;

CREATE ALGORITHM=UNDEFINED DEFINER=`root`@`localhost` SQL SECURITY DEFINER VIEW `v_envios_completo`  AS SELECT `e`.`id_envio` AS `id_envio`, `e`.`nro_tracking` AS `nro_tracking`, `e`.`fecha_recepcion` AS `fecha_recepcion`, `e`.`peso_kg` AS `peso_kg`, `tc`.`nombre` AS `tipo_contenido`, concat(`cr`.`nombre`,' ',`cr`.`apellido`) AS `remitente`, `cr`.`dni` AS `dni_remitente`, concat(`cd`.`nombre`,' ',`cd`.`apellido`) AS `destinatario`, `cd`.`dni` AS `dni_destinatario`, `so`.`nombre` AS `sucursal_origen`, `sd`.`nombre` AS `sucursal_destino`, `te`.`nombre` AS `estado_actual`, `he`.`fecha_hora` AS `fecha_ultimo_evento`, `sc`.`nombre` AS `ubicacion_actual` FROM ((((((((`envio` `e` join `tipo_contenido` `tc` on(`e`.`id_tipo_cont` = `tc`.`id_tipo_cont`)) join `cliente` `cr` on(`e`.`id_remitente` = `cr`.`id_cliente`)) join `cliente` `cd` on(`e`.`id_destinatario` = `cd`.`id_cliente`)) join `sucursal` `so` on(`e`.`id_suc_origen` = `so`.`id_sucursal`)) join `sucursal` `sd` on(`e`.`id_suc_destino` = `sd`.`id_sucursal`)) join `historial_estado` `he` on(`he`.`id_hist` = (select max(`h2`.`id_hist`) from `historial_estado` `h2` where `h2`.`id_envio` = `e`.`id_envio`))) join `tipo_estado` `te` on(`he`.`id_estado` = `te`.`id_estado`)) left join `sucursal` `sc` on(`he`.`id_sucursal_actual` = `sc`.`id_sucursal`)) ;

--
-- Índices para tablas volcadas
--

--
-- Indices de la tabla `chofer`
--
ALTER TABLE `chofer`
  ADD PRIMARY KEY (`id_chofer`),
  ADD KEY `fk_chofer_sucursal` (`id_sucursal`);

--
-- Indices de la tabla `cliente`
--
ALTER TABLE `cliente`
  ADD PRIMARY KEY (`id_cliente`),
  ADD KEY `fk_cliente_localidad` (`id_localidad`);

--
-- Indices de la tabla `empleado`
--
ALTER TABLE `empleado`
  ADD PRIMARY KEY (`id_empleado`),
  ADD UNIQUE KEY `uk_empleado_legajo` (`legajo`),
  ADD KEY `fk_empleado_sucursal` (`id_sucursal`);

--
-- Indices de la tabla `envio`
--
ALTER TABLE `envio`
  ADD PRIMARY KEY (`id_envio`),
  ADD KEY `idx_envio_remitente` (`id_remitente`),
  ADD KEY `idx_envio_destinatario` (`id_destinatario`),
  ADD KEY `idx_envio_suc_origen` (`id_suc_origen`),
  ADD KEY `idx_envio_suc_destino` (`id_suc_destino`),
  ADD KEY `idx_envio_tipo_cont` (`id_tipo_cont`);

--
-- Indices de la tabla `historial_estado`
--
ALTER TABLE `historial_estado`
  ADD PRIMARY KEY (`id_hist`),
  ADD KEY `fk_hist_sucursal` (`id_sucursal_actual`),
  ADD KEY `idx_hist_envio` (`id_envio`),
  ADD KEY `idx_hist_estado` (`id_estado`);

--
-- Indices de la tabla `incidente`
--
ALTER TABLE `incidente`
  ADD PRIMARY KEY (`id_incidente`),
  ADD KEY `fk_incidente_viaje` (`id_viaje`);

--
-- Indices de la tabla `localidad`
--
ALTER TABLE `localidad`
  ADD PRIMARY KEY (`id_localidad`),
  ADD KEY `fk_localidad_provincia` (`id_provincia`);

--
-- Indices de la tabla `provincia`
--
ALTER TABLE `provincia`
  ADD PRIMARY KEY (`id_provincia`);

--
-- Indices de la tabla `rol`
--
ALTER TABLE `rol`
  ADD PRIMARY KEY (`id_rol`),
  ADD UNIQUE KEY `uk_rol_nombre` (`nombre`);

--
-- Indices de la tabla `sucursal`
--
ALTER TABLE `sucursal`
  ADD PRIMARY KEY (`id_sucursal`),
  ADD KEY `fk_sucursal_localidad` (`id_localidad`);

--
-- Indices de la tabla `tipo_contenido`
--
ALTER TABLE `tipo_contenido`
  ADD PRIMARY KEY (`id_tipo_cont`);

--
-- Indices de la tabla `tipo_estado`
--
ALTER TABLE `tipo_estado`
  ADD PRIMARY KEY (`id_estado`);

--
-- Indices de la tabla `tipo_vehiculo`
--
ALTER TABLE `tipo_vehiculo`
  ADD PRIMARY KEY (`id_tipo_veh`);

--
-- Indices de la tabla `usuario`
--
ALTER TABLE `usuario`
  ADD PRIMARY KEY (`id_usuario`),
  ADD UNIQUE KEY `uk_usuario_email` (`email`),
  ADD UNIQUE KEY `uk_usuario_dni` (`dni`),
  ADD KEY `fk_usuario_rol` (`id_rol`),
  ADD KEY `fk_usuario_cliente` (`id_cliente`),
  ADD KEY `fk_usuario_chofer` (`id_chofer`),
  ADD KEY `fk_usuario_empleado` (`id_empleado`);

--
-- Indices de la tabla `vehiculo`
--
ALTER TABLE `vehiculo`
  ADD PRIMARY KEY (`patente`),
  ADD KEY `fk_vehiculo_tipo` (`id_tipo_veh`),
  ADD KEY `fk_vehiculo_sucursal` (`id_sucursal`);

--
-- Indices de la tabla `viaje`
--
ALTER TABLE `viaje`
  ADD PRIMARY KEY (`id_viaje`),
  ADD KEY `fk_viaje_vehiculo` (`patente`),
  ADD KEY `idx_viaje_chofer` (`id_chofer`);

--
-- Indices de la tabla `viaje_envio`
--
ALTER TABLE `viaje_envio`
  ADD PRIMARY KEY (`id_viaje`,`id_envio`),
  ADD KEY `idx_viaje_envio_envio` (`id_envio`);

--
-- AUTO_INCREMENT de las tablas volcadas
--

--
-- AUTO_INCREMENT de la tabla `chofer`
--
ALTER TABLE `chofer`
  MODIFY `id_chofer` int(11) NOT NULL AUTO_INCREMENT, AUTO_INCREMENT=482;

--
-- AUTO_INCREMENT de la tabla `cliente`
--
ALTER TABLE `cliente`
  MODIFY `id_cliente` int(11) NOT NULL AUTO_INCREMENT, AUTO_INCREMENT=1010;

--
-- AUTO_INCREMENT de la tabla `empleado`
--
ALTER TABLE `empleado`
  MODIFY `id_empleado` int(11) NOT NULL AUTO_INCREMENT, AUTO_INCREMENT=3;

--
-- AUTO_INCREMENT de la tabla `envio`
--
ALTER TABLE `envio`
  MODIFY `id_envio` int(11) NOT NULL AUTO_INCREMENT, AUTO_INCREMENT=118;

--
-- AUTO_INCREMENT de la tabla `historial_estado`
--
ALTER TABLE `historial_estado`
  MODIFY `id_hist` int(11) NOT NULL AUTO_INCREMENT, AUTO_INCREMENT=143;

--
-- AUTO_INCREMENT de la tabla `incidente`
--
ALTER TABLE `incidente`
  MODIFY `id_incidente` int(11) NOT NULL AUTO_INCREMENT, AUTO_INCREMENT=36;

--
-- AUTO_INCREMENT de la tabla `localidad`
--
ALTER TABLE `localidad`
  MODIFY `id_localidad` int(11) NOT NULL AUTO_INCREMENT, AUTO_INCREMENT=121;

--
-- AUTO_INCREMENT de la tabla `provincia`
--
ALTER TABLE `provincia`
  MODIFY `id_provincia` int(11) NOT NULL AUTO_INCREMENT, AUTO_INCREMENT=25;

--
-- AUTO_INCREMENT de la tabla `rol`
--
ALTER TABLE `rol`
  MODIFY `id_rol` int(11) NOT NULL AUTO_INCREMENT, AUTO_INCREMENT=5;

--
-- AUTO_INCREMENT de la tabla `sucursal`
--
ALTER TABLE `sucursal`
  MODIFY `id_sucursal` int(11) NOT NULL AUTO_INCREMENT, AUTO_INCREMENT=49;

--
-- AUTO_INCREMENT de la tabla `tipo_contenido`
--
ALTER TABLE `tipo_contenido`
  MODIFY `id_tipo_cont` int(11) NOT NULL AUTO_INCREMENT, AUTO_INCREMENT=7;

--
-- AUTO_INCREMENT de la tabla `tipo_estado`
--
ALTER TABLE `tipo_estado`
  MODIFY `id_estado` int(11) NOT NULL AUTO_INCREMENT, AUTO_INCREMENT=8;

--
-- AUTO_INCREMENT de la tabla `tipo_vehiculo`
--
ALTER TABLE `tipo_vehiculo`
  MODIFY `id_tipo_veh` int(11) NOT NULL AUTO_INCREMENT, AUTO_INCREMENT=7;

--
-- AUTO_INCREMENT de la tabla `usuario`
--
ALTER TABLE `usuario`
  MODIFY `id_usuario` int(11) NOT NULL AUTO_INCREMENT, AUTO_INCREMENT=15;

--
-- AUTO_INCREMENT de la tabla `viaje`
--
ALTER TABLE `viaje`
  MODIFY `id_viaje` int(11) NOT NULL AUTO_INCREMENT, AUTO_INCREMENT=248;

--
-- Restricciones para tablas volcadas
--

--
-- Filtros para la tabla `chofer`
--
ALTER TABLE `chofer`
  ADD CONSTRAINT `fk_chofer_sucursal` FOREIGN KEY (`id_sucursal`) REFERENCES `sucursal` (`id_sucursal`);

--
-- Filtros para la tabla `cliente`
--
ALTER TABLE `cliente`
  ADD CONSTRAINT `fk_cliente_localidad` FOREIGN KEY (`id_localidad`) REFERENCES `localidad` (`id_localidad`);

--
-- Filtros para la tabla `empleado`
--
ALTER TABLE `empleado`
  ADD CONSTRAINT `fk_empleado_sucursal` FOREIGN KEY (`id_sucursal`) REFERENCES `sucursal` (`id_sucursal`);

--
-- Filtros para la tabla `envio`
--
ALTER TABLE `envio`
  ADD CONSTRAINT `fk_envio_destinatario` FOREIGN KEY (`id_destinatario`) REFERENCES `cliente` (`id_cliente`),
  ADD CONSTRAINT `fk_envio_remitente` FOREIGN KEY (`id_remitente`) REFERENCES `cliente` (`id_cliente`),
  ADD CONSTRAINT `fk_envio_suc_destino` FOREIGN KEY (`id_suc_destino`) REFERENCES `sucursal` (`id_sucursal`),
  ADD CONSTRAINT `fk_envio_suc_origen` FOREIGN KEY (`id_suc_origen`) REFERENCES `sucursal` (`id_sucursal`),
  ADD CONSTRAINT `fk_envio_tipo_contenido` FOREIGN KEY (`id_tipo_cont`) REFERENCES `tipo_contenido` (`id_tipo_cont`);

--
-- Filtros para la tabla `historial_estado`
--
ALTER TABLE `historial_estado`
  ADD CONSTRAINT `fk_hist_envio` FOREIGN KEY (`id_envio`) REFERENCES `envio` (`id_envio`),
  ADD CONSTRAINT `fk_hist_sucursal` FOREIGN KEY (`id_sucursal_actual`) REFERENCES `sucursal` (`id_sucursal`),
  ADD CONSTRAINT `fk_hist_tipo_estado` FOREIGN KEY (`id_estado`) REFERENCES `tipo_estado` (`id_estado`);

--
-- Filtros para la tabla `incidente`
--
ALTER TABLE `incidente`
  ADD CONSTRAINT `fk_incidente_viaje` FOREIGN KEY (`id_viaje`) REFERENCES `viaje` (`id_viaje`);

--
-- Filtros para la tabla `localidad`
--
ALTER TABLE `localidad`
  ADD CONSTRAINT `fk_localidad_provincia` FOREIGN KEY (`id_provincia`) REFERENCES `provincia` (`id_provincia`);

--
-- Filtros para la tabla `sucursal`
--
ALTER TABLE `sucursal`
  ADD CONSTRAINT `fk_sucursal_localidad` FOREIGN KEY (`id_localidad`) REFERENCES `localidad` (`id_localidad`);

--
-- Filtros para la tabla `usuario`
--
ALTER TABLE `usuario`
  ADD CONSTRAINT `fk_usuario_chofer` FOREIGN KEY (`id_chofer`) REFERENCES `chofer` (`id_chofer`),
  ADD CONSTRAINT `fk_usuario_cliente` FOREIGN KEY (`id_cliente`) REFERENCES `cliente` (`id_cliente`),
  ADD CONSTRAINT `fk_usuario_empleado` FOREIGN KEY (`id_empleado`) REFERENCES `empleado` (`id_empleado`),
  ADD CONSTRAINT `fk_usuario_rol` FOREIGN KEY (`id_rol`) REFERENCES `rol` (`id_rol`);

--
-- Filtros para la tabla `vehiculo`
--
ALTER TABLE `vehiculo`
  ADD CONSTRAINT `fk_vehiculo_sucursal` FOREIGN KEY (`id_sucursal`) REFERENCES `sucursal` (`id_sucursal`),
  ADD CONSTRAINT `fk_vehiculo_tipo` FOREIGN KEY (`id_tipo_veh`) REFERENCES `tipo_vehiculo` (`id_tipo_veh`);

--
-- Filtros para la tabla `viaje`
--
ALTER TABLE `viaje`
  ADD CONSTRAINT `fk_viaje_chofer` FOREIGN KEY (`id_chofer`) REFERENCES `chofer` (`id_chofer`),
  ADD CONSTRAINT `fk_viaje_vehiculo` FOREIGN KEY (`patente`) REFERENCES `vehiculo` (`patente`);

--
-- Filtros para la tabla `viaje_envio`
--
ALTER TABLE `viaje_envio`
  ADD CONSTRAINT `fk_viaje_envio_envio` FOREIGN KEY (`id_envio`) REFERENCES `envio` (`id_envio`),
  ADD CONSTRAINT `fk_viaje_envio_viaje` FOREIGN KEY (`id_viaje`) REFERENCES `viaje` (`id_viaje`);
COMMIT;

/*!40101 SET CHARACTER_SET_CLIENT=@OLD_CHARACTER_SET_CLIENT */;
/*!40101 SET CHARACTER_SET_RESULTS=@OLD_CHARACTER_SET_RESULTS */;
/*!40101 SET COLLATION_CONNECTION=@OLD_COLLATION_CONNECTION */;
